Delta,Time,CPU_FREQUENCY_0,CPU_FREQUENCY_1,CPU_FREQUENCY_2,CPU_FREQUENCY_3,CPU_FREQUENCY_4,CPU_FREQUENCY_5,CPU_FREQUENCY_6,CPU_FREQUENCY_7,CPU_USAGE_0,CPU_USAGE_1,CPU_USAGE_2,CPU_USAGE_3,CPU_USAGE_4,CPU_USAGE_5,CPU_USAGE_6,CPU_USAGE_7,DRAM_ENERGY (J),PACKAGE_ENERGY (J),PP0_ENERGY (J),PP1_ENERGY (J),TOTAL_MEMORY,TOTAL_SWAP,USED_MEMORY,USED_SWAP
0,1740410413974,2801,2801,2801,2801,2801,2801,2801,2801,100,100,100,100,100,100,100,100,16122.615295410156,140369.14184570313,106335.55963134766,4593.8045654296875,17024311296,8053063680,5022011392,0
199,1740410413974,2801,2801,2801,2801,2801,2801,2801,2801,100,100,100,100,100,100,100,100,16122.621276855469,140369.25396728516,106335.61688232422,4593.8045654296875,17024311296,8053063680,5021700096,0
199,1740410414175,2801,2801,2801,2801,2801,2801,2801,2801,6.8759918212890625,7.3214263916015625,6.0202178955078125,5.428535461425781,100,4.618034362792969,5.695594787597656,5.712760925292969,16122.749694824219,140373.13439941406,106337.19213867188,4593.857360839844,17024311296,8053063680,5021655040,0
200,1740410414375,2801,2801,2801,2801,2801,2801,2801,2801,4.175468444824219,10.902633666992188,5.710929870605469,0,48.36357116699219,0,5.668891906738281,38.20512771606445,16122.863342285156,140376.55450439453,106339.16650390625,4593.857360839844,17024311296,8053063680,4992200704,0
200,1740410414575,2801,2801,2801,2801,2801,2801,2801,2801,3.1709213256835938,28.376129150390625,5.8746185302734375,2.188568115234375,2.3775405883789063,1.5445404052734375,4.549995422363281,2.9793014526367188,16122.979309082031,140378.10638427734,106339.95825195313,4593.857360839844,17024311296,8053063680,4954009600,0
200,1740410414776,2801,2801,2801,2801,2801,2801,2801,2801,34.31372833251953,10.938240051269531,59.466270446777344,1.9679718017578125,12.486618041992188,3.3291702270507813,2.1812362670898438,0.5597076416015625,16123.1201171875,140381.56463623047,106341.80859375,4593.857360839844,17024311296,8053063680,4966793216,0
200,1740410414977,2801,2801,2801,2801,2801,2801,2801,2801,3.22430419921875,27.556488037109375,30.92865753173828,1.8974456787109375,14.092681884765625,0.11304473876953125,2.3605194091796875,0.3876495361328125,16123.241088867188,140385.16052246094,106343.16986083984,4593.8619384765625,17024311296,8053063680,4966494208,0
200,1740410415177,2801,2801,2801,2801,2801,2801,2801,2801,5.2320556640625,0.9916000366210938,5.2225799560546875,6.351249694824219,3.5478668212890625,0.1685333251953125,3.364776611328125,0.7907562255859375,16123.366943359375,140387.81420898438,106343.62280273438,4593.8690185546875,17024311296,8053063680,4966113280,0
200,1740410415378,2801,2801,2801,2801,2801,2801,2801,2801,9.330207824707031,1.2784576416015625,6.9208526611328125,1.0590972900390625,6.479988098144531,0.1336212158203125,1.1678543090820313,0.26409912109375,16123.477844238281,140390.47436523438,106344.08380126953,4593.8690185546875,17024311296,8053063680,4963094528,0
200,1740410415579,2801,2801,2801,2801,2801,2801,2801,2801,0.8931503295898438,1.2261428833007813,1.6094970703125,1.4846572875976563,0.5532379150390625,0.078216552734375,3.0674514770507813,0.10486602783203125,16123.583862304688,140392.81372070313,106344.26165771484,4593.8690185546875,17024311296,8053063680,4961243136,0
200,1740410415779,2801,2801,2801,2801,2801,2801,2801,2801,1.2832794189453125,1.61370849609375,1.7278976440429688,0.41303253173828125,0.43744659423828125,0.268646240234375,2.373199462890625,0.21712493896484375,16123.690368652344,140395.11749267578,106344.40496826172,4593.8690185546875,17024311296,8053063680,4965789696,0
200,1740410415980,2801,2801,2801,2801,2801,2801,2801,2801,2.5890731811523438,0.5078048706054688,2.5801467895507813,0.5035171508789063,1.1168212890625,0.2195281982421875,3.3465118408203125,0.589569091796875,16123.801391601563,140397.5404663086,106344.61590576172,4593.874328613281,17024311296,8053063680,4965670912,0
200,1740410416180,2801,2801,2801,2801,2801,2801,2801,2801,3.2003097534179688,0.410125732421875,1.5042495727539063,0.4161529541015625,0.25952911376953125,0.12248992919921875,0.44176483154296875,0.7076263427734375,16123.912109375,140399.8980102539,106344.75708007813,4593.88232421875,17024311296,8053063680,4965670912,0
200,1740410416381,2801,2801,2801,2801,2801,2801,2801,2801,0.6083221435546875,0.2879180908203125,1.3342208862304688,0.2134857177734375,2.2935791015625,0.14293670654296875,0.1763153076171875,0.12111663818359375,16124.015380859375,140402.1619873047,106344.85656738281,4593.88232421875,17024311296,8053063680,4965638144,0
200,1740410416582,2801,2801,2801,2801,2801,2801,2801,2801,8.325729370117188,3.31878662109375,1.2775344848632813,0.12938690185546875,0.22653961181640625,0.0617828369140625,0.4525299072265625,0.08270263671875,16124.126831054688,140404.6043701172,106345.13073730469,4593.88232421875,17024311296,8053063680,4964327424,0
200,1740410416783,2801,2801,2801,2801,2801,2801,2801,2801,1.3893585205078125,1.4639358520507813,1.695343017578125,0.1203155517578125,0.17681121826171875,0.210784912109375,3.44683837890625,0.18717193603515625,16124.232727050781,140406.93090820313,106345.29602050781,4593.88232421875,17024311296,8053063680,4966674432,0
200,1740410416983,2801,2801,2801,2801,2801,2801,2801,2801,1.7814178466796875,0.4510040283203125,1.4594802856445313,0.5421295166015625,1.4437332153320313,2.326690673828125,1.0461196899414063,0.477020263671875,16124.340698242188,140409.27069091797,106345.4595336914,4593.8873291015625,17024311296,8053063680,4966674432,0
200,1740410417184,2801,2801,2801,2801,2801,2801,2801,2801,1.4659957885742188,0.567840576171875,1.6100082397460938,0.3704376220703125,0.5473556518554688,2.2816925048828125,0.419036865234375,0.9430160522460938,16124.454223632813,140411.66632080078,106345.6342163086,4593.894836425781,17024311296,8053063680,4965982208,0
200,1740410417385,2801,2801,2801,2801,2801,2801,2801,2801,1.0231857299804688,0.32563018798828125,3.6402511596679688,0.09136962890625,0.161224365234375,0.5376205444335938,0.24213409423828125,0.10113525390625,16124.5576171875,140413.9744873047,106345.75665283203,4593.894836425781,17024311296,8053063680,4965982208,0
200,1740410417585,2801,2801,2801,2801,2801,2801,2801,2801,0.8819961547851563,0.5991287231445313,3.5991897583007813,0.21636199951171875,0.10347747802734375,0.033477783203125,0.2538299560546875,0.13306427001953125,16124.66162109375,140416.2401123047,106345.86346435547,4593.894836425781,17024311296,8053063680,4965982208,0
200,1740410417786,2801,2801,2801,2801,2801,2801,2801,2801,1.099945068359375,1.4708633422851563,3.4602584838867188,0.09780120849609375,0.723297119140625,0.05649566650390625,0.16609954833984375,0.43538665771484375,16124.766662597656,140418.53088378906,106345.99304199219,4593.894836425781,17024311296,8053063680,4965875712,0
200,1740410417987,2801,2801,2801,2801,2801,2801,2801,2801,2.2138671875,0.28742218017578125,1.2684555053710938,0.336395263671875,2.7775955200195313,0.04837799072265625,0.25891876220703125,0.5209808349609375,16124.871032714844,140420.8265991211,106346.12756347656,4593.894836425781,17024311296,8053063680,4965896192,0
200,1740410418187,2801,2801,2801,2801,2801,2801,2801,2801,1.5525283813476563,0.30667877197265625,1.4860153198242188,0.5730056762695313,0.18990325927734375,2.4608078002929688,0.5521316528320313,1.008514404296875,16124.984069824219,140423.18139648438,106346.27459716797,4593.904724121094,17024311296,8053063680,4965896192,0
200,1740410418388,2801,2801,2801,2801,2801,2801,2801,2801,2.1007232666015625,0.48354339599609375,1.4840621948242188,1.4169540405273438,3.2438735961914063,0.0708465576171875,0.5939407348632813,0.5490570068359375,16125.08984375,140425.49908447266,106346.42126464844,4593.904724121094,17024311296,8053063680,4965896192,0
200,1740410418589,2801,2801,2801,2801,2801,2801,2801,2801,0.8008041381835938,0.30777740478515625,1.509918212890625,0.1051788330078125,2.4529266357421875,0.44559478759765625,0.408721923828125,0.1057281494140625,16125.194152832031,140427.80645751953,106346.5454711914,4593.904724121094,17024311296,8053063680,4965851136,0
200,1740410418790,2801,2801,2801,2801,2801,2801,2801,2801,1.1175689697265625,1.2645263671875,2.2725448608398438,0.07776641845703125,2.3314285278320313,0.20659637451171875,0.7051239013671875,0.0874786376953125,16125.299377441406,140430.12841796875,106346.70422363281,4593.904724121094,17024311296,8053063680,4965924864,0
200,1740410418990,2801,2801,2801,2801,2801,2801,2801,2801,1.4968490600585938,0.21541595458984375,1.5983734130859375,0.16185760498046875,0.8409347534179688,2.8594818115234375,1.0127105712890625,0.06551361083984375,16125.404113769531,140432.43463134766,106346.8441772461,4593.904724121094,17024311296,8053063680,4965945344,0
200,1740410419191,2801,2801,2801,2801,2801,2801,2801,2801,1.0888442993164063,0.393524169921875,3.8435440063476563,0.4432373046875,0.423065185546875,0.078765869140625,0.43222808837890625,0.7708511352539063,16125.515380859375,140434.7781982422,106346.98388671875,4593.912170410156,17024311296,8053063680,4965945344,0
200,1740410419392,2801,2801,2801,2801,2801,2801,2801,2801,0.6261138916015625,0.21581268310546875,1.2730560302734375,0.066162109375,2.3120193481445313,0.21880340576171875,0.22786712646484375,0.04543304443359375,16125.618530273438,140437.03546142578,106347.07739257813,4593.912170410156,17024311296,8053063680,4965945344,0
200,1740410419593,2801,2801,2801,2801,2801,2801,2801,2801,0.5781402587890625,0.23583984375,1.282318115234375,0.138641357421875,0.17780303955078125,0.0411529541015625,2.406219482421875,0.02281951904296875,16125.721435546875,140439.2919921875,106347.17602539063,4593.912170410156,17024311296,8053063680,4965945344,0
200,1740410419793,2801,2801,2801,2801,2801,2801,2801,2801,0.8796539306640625,0.37818145751953125,1.33245849609375,1.3117828369140625,0.6924514770507813,0.04473114013671875,2.5939788818359375,0.738983154296875,16125.832458496094,140441.49871826172,106347.32788085938,4593.916931152344,17024311296,8053063680,4966047744,0
200,1740410419994,2801,2801,2801,2801,2801,2801,2801,2801,1.8640594482421875,0.3481292724609375,4.101402282714844,0.205810546875,0.32288360595703125,0.161590576171875,1.2261123657226563,0.8428192138671875,16125.938659667969,140441.75659179688,106347.49670410156,4593.916931152344,17024311296,8053063680,4966047744,0
200,1740410420195,2801,2801,2801,2801,2801,2801,2801,2801,0.9813003540039063,0.40826416015625,1.4966583251953125,0.46634674072265625,0.2592010498046875,0.04671478271484375,2.5139999389648438,0.7641830444335938,16126.047729492188,140441.97381591797,106347.64093017578,4593.925048828125,17024311296,8053063680,4966047744,0
200,1740410420395,2801,2801,2801,2801,2801,2801,2801,2801,0.63323974609375,0.40590667724609375,1.30194091796875,0.18011474609375,0.2260894775390625,0.07964324951171875,2.4060821533203125,0.04169464111328125,16126.151550292969,140442.1661376953,106347.7437133789,4593.925048828125,17024311296,8053063680,4966047744,0
200,1740410420596,2801,2801,2801,2801,2801,2801,2801,2801,0.6305313110351563,0.27469635009765625,1.3183517456054688,0.193206787109375,2.3824234008789063,0.0859222412109375,0.1703948974609375,0.10265350341796875,16126.254638671875,140442.30181884766,106347.84814453125,4593.925048828125,17024311296,8053063680,4966047744,0
200,1740410420797,2801,2801,2801,2801,2801,2801,2801,2801,2.86474609375,0.4171295166015625,2.1922531127929688,0.3111419677734375,0.3056640625,0.221588134765625,3.5783767700195313,0.42699432373046875,16126.36474609375,140442.58917236328,106348.06036376953,4593.9298095703125,17024311296,8053063680,4965904384,0
200,1740410420998,2801,2801,2801,2801,2801,2801,2801,2801,2.0870132446289063,0.6152420043945313,1.7700729370117188,0.139068603515625,0.28017425537109375,0.07625579833984375,3.5520553588867188,0.1023101806640625,16126.4697265625,140442.77423095703,106348.20184326172,4593.9298095703125,17024311296,8053063680,4965904384,0
200,1740410421198,2801,2801,2801,2801,2801,2801,2801,2801,0.9265060424804688,0.45500946044921875,1.3052749633789063,0.55841064453125,2.7979202270507813,0.0561065673828125,0.45236968994140625,0.7641067504882813,16126.579345703125,140442.99438476563,106348.34643554688,4593.937316894531,17024311296,8053063680,4965904384,0
200,1740410421399,2801,2801,2801,2801,2801,2801,2801,2801,0.6275863647460938,0.279876708984375,1.4455490112304688,0.13712310791015625,0.36290740966796875,0.0803375244140625,2.8084564208984375,0.042236328125,16126.683166503906,140443.1870727539,106348.45227050781,4593.937316894531,17024311296,8053063680,4965871616,0
200,1740410421600,2801,2801,2801,2801,2801,2801,2801,2801,0.5648956298828125,0.29572296142578125,1.3033294677734375,0.10564422607421875,0.20751190185546875,0.05947113037109375,2.4499053955078125,0.09941864013671875,16126.786254882813,140443.3214111328,106348.55487060547,4593.937316894531,17024311296,8053063680,4965855232,0
200,1740410421801,2801,2801,2801,2801,2801,2801,2801,2801,1.9060897827148438,0.5354766845703125,1.2841873168945313,0.44476318359375,0.23421478271484375,0.13976287841796875,2.469085693359375,0.4223785400390625,16126.89404296875,140443.52899169922,106348.69744873047,4593.942138671875,17024311296,8053063680,4965847040,0
200,1740410422001,2801,2801,2801,2801,2801,2801,2801,2801,2.2484817504882813,0.23789215087890625,4.000022888183594,0.17163848876953125,0.347320556640625,0.08393096923828125,1.0143661499023438,1.082550048828125,16127.000061035156,140443.7367553711,106348.8521118164,4593.942138671875,17024311296,8053063680,4965855232,0
200,1740410422202,2801,2801,2801,2801,2801,2801,2801,2801,1.090728759765625,0.43744659423828125,1.4147109985351563,0.4737091064453125,2.8063507080078125,0.03491973876953125,0.27486419677734375,0.6771926879882813,16127.109741210938,140443.95483398438,106348.99255371094,4593.949462890625,17024311296,8053063680,4965855232,0
200,1740410422403,2801,2801,2801,2801,2801,2801,2801,2801,0.6624374389648438,0.28606414794921875,1.3438568115234375,0.03421783447265625,0.16114044189453125,0.053497314453125,2.4027862548828125,0.04154205322265625,16127.213073730469,140444.09204101563,106349.09240722656,4593.949462890625,17024311296,8053063680,4965851136,0
200,1740410422604,2801,2801,2801,2801,2801,2801,2801,2801,0.5740966796875,1.2247467041015625,1.3137588500976563,0.19275665283203125,0.18359375,0.02066802978515625,2.2360610961914063,0.0126495361328125,16127.316650390625,140444.23602294922,106349.20617675781,4593.949462890625,17024311296,8053063680,4965888000,0
200,1740410422804,2801,2801,2801,2801,2801,2801,2801,2801,1.3469390869140625,0.3012237548828125,4.5134735107421875,0.320953369140625,0.26280975341796875,0.37087249755859375,0.89898681640625,0.19026947021484375,16127.422668457031,140444.49041748047,106349.35986328125,4593.952392578125,17024311296,8053063680,4965867520,0
200,1740410423005,2801,2801,2801,2801,2801,2801,2801,2801,1.823028564453125,0.8266143798828125,4.786277770996094,0.19092559814453125,3.507080078125,0.15177154541015625,1.1184539794921875,0.55633544921875,16127.536315917969,140444.76953125,106349.5629272461,4593.954284667969,17024311296,8053063680,4965888000,0
200,1740410423206,2801,2801,2801,2801,2801,2801,2801,2801,1.1188278198242188,0.3636932373046875,3.468109130859375,0.676971435546875,0.3027191162109375,0.0621185302734375,0.413604736328125,0.6948089599609375,16127.645690917969,140444.98223876953,106349.69982910156,4593.962097167969,17024311296,8053063680,4965888000,0
200,1740410423407,2801,2801,2801,2801,2801,2801,2801,2801,0.6091842651367188,0.2443695068359375,1.3289566040039063,0.16811370849609375,0.1674652099609375,0.32880401611328125,0.15196990966796875,2.3726959228515625,16127.749267578125,140445.12322998047,106349.8052368164,4593.962097167969,17024311296,8053063680,4965888000,0
200,1740410423607,2801,2801,2801,2801,2801,2801,2801,2801,0.564788818359375,1.25421142578125,1.6613540649414063,0.2108917236328125,0.0953369140625,0.3463287353515625,2.73046875,0,16127.854125976563,140445.28729248047,106349.93841552734,4593.962097167969,17024311296,8053063680,4965888000,0
200,1740410423808,2801,2801,2801,2801,2801,2801,2801,2801,1.0881423950195313,2.8926315307617188,1.6871337890625,0.191131591796875,0.30445098876953125,0.19411468505859375,0.21563720703125,0.2026824951171875,16127.957824707031,140445.44201660156,106350.05615234375,4593.962097167969,17024311296,8053063680,4963794944,0
200,1740410424009,2801,2801,2801,2801,2801,2801,2801,2801,1.8112030029296875,0.40248870849609375,2.4172286987304688,0.6202239990234375,0.3155975341796875,0.07672882080078125,3.2443313598632813,0.45879364013671875,16128.067138671875,140445.70666503906,106350.22277832031,4593.9664306640625,17024311296,8053063680,4963774464,0
200,1740410424210,2801,2801,2801,2801,2801,2801,2801,2801,2.0992584228515625,0.359710693359375,1.9273757934570313,0.1045989990234375,0.48443603515625,0.20291900634765625,3.4972763061523438,0.632415771484375,16128.176696777344,140445.98760986328,106350.40234375,4593.9737548828125,17024311296,8053063680,4963774464,0
200,1740410424410,2801,2801,2801,2801,2801,2801,2801,2801,0.55755615234375,0.2738494873046875,1.4318389892578125,0.06136322021484375,2.3374099731445313,0.1165008544921875,0.1674041748046875,0.09413909912109375,16128.279907226563,140446.12524414063,106350.50512695313,4593.9737548828125,17024311296,8053063680,4963758080,0
200,1740410424611,2801,2801,2801,2801,2801,2801,2801,2801,0.644866943359375,1.325897216796875,3.4686050415039063,0,0.11959075927734375,0,0.15256500244140625,0,16128.383666992188,140446.26489257813,106350.61651611328,4593.9737548828125,17024311296,8053063680,4964048896,0
200,1740410424812,2801,2801,2801,2801,2801,2801,2801,2801,1.2625198364257813,0.4609375,2.424774169921875,0.19574737548828125,2.6294937133789063,0.3518524169921875,0.7932662963867188,0.259857177734375,16128.488708496094,140446.45385742188,106350.76556396484,4593.9737548828125,17024311296,8053063680,4964630528,0
200,1740410425013,2801,2801,2801,2801,2801,2801,2801,2801,1.9207687377929688,0.3205108642578125,1.5678634643554688,0.32190704345703125,1.4414749145507813,0.02950286865234375,3.1541213989257813,0.4757080078125,16128.596984863281,140446.70343017578,106350.93524169922,4593.979064941406,17024311296,8053063680,4964651008,0
200,1740410425213,2801,2801,2801,2801,2801,2801,2801,2801,0.9821929931640625,0.6557388305664063,1.8918075561523438,0.261749267578125,0.24077606201171875,0.30573272705078125,2.5261306762695313,0.5147323608398438,16128.704956054688,140446.92932128906,106351.07806396484,4593.983947753906,17024311296,8053063680,4964651008,0
200,1740410425414,2801,2801,2801,2801,2801,2801,2801,2801,0.5997161865234375,0.295623779296875,1.2470703125,0.2224273681640625,0.190338134765625,0.1681671142578125,2.3922500610351563,0.0375213623046875,16128.808227539063,140447.1109008789,106351.18585205078,4593.983947753906,17024311296,8053063680,4964610048,0
200,1740410425615,2801,2801,2801,2801,2801,2801,2801,2801,0.6050796508789063,0.33284759521484375,3.4510955810546875,0.10271453857421875,0.23581695556640625,0.07218170166015625,0.1383819580078125,0.07317352294921875,16128.911254882813,140447.2445678711,106351.28540039063,4593.983947753906,17024311296,8053063680,4964610048,0
200,1740410425816,2801,2801,2801,2801,2801,2801,2801,2801,1.6444244384765625,0.33850860595703125,1.279022216796875,0.09578704833984375,0.25467681884765625,0.09389495849609375,2.37359619140625,0.10699462890625,16129.015441894531,140447.40338134766,106351.41052246094,4593.983947753906,17024311296,8053063680,4964478976,0
200,1740410426016,2801,2801,2801,2801,2801,2801,2801,2801,1.6333541870117188,0.4202880859375,1.2288665771484375,0.5886611938476563,1.0779876708984375,0.0992889404296875,3.649261474609375,0.5712203979492188,16129.12255859375,140447.62573242188,106351.57342529297,4593.991394042969,17024311296,8053063680,4964499456,0
200,1740410426217,2801,2801,2801,2801,2801,2801,2801,2801,0.8833770751953125,0.3224639892578125,1.4013442993164063,0.26219940185546875,0.425872802734375,0.1128692626953125,2.581085205078125,0.8439254760742188,16129.232604980469,140447.84637451172,106351.70709228516,4593.998046875,17024311296,8053063680,4964491264,0
200,1740410426418,2801,2801,2801,2801,2801,2801,2801,2801,0.5352325439453125,0.23853302001953125,3.4604949951171875,0.064300537109375,0.1644134521484375,0.09024810791015625,0.08043670654296875,0.059967041015625,16129.335510253906,140447.9779663086,106351.80755615234,4593.998046875,17024311296,8053063680,4964491264,0
200,1740410426618,2801,2801,2801,2801,2801,2801,2801,2801,0.5858535766601563,1.3269271850585938,1.3116912841796875,0.12847137451171875,0.18779754638671875,0.0201263427734375,2.2569961547851563,0,16129.439086914063,140448.11834716797,106351.91857910156,4593.998046875,17024311296,8053063680,4964499456,0
200,1740410426819,2801,2801,2801,2801,2801,2801,2801,2801,1.7462997436523438,0.3955535888671875,2.496063232421875,0.1353912353515625,0.28656768798828125,0.683563232421875,2.93963623046875,0.19720458984375,16129.544372558594,140448.36096191406,106352.07739257813,4593.998046875,17024311296,8053063680,4964278272,0
200,1740410427020,2801,2801,2801,2801,2801,2801,2801,2801,1.3177642822265625,0.2460479736328125,1.2571945190429688,0.1815032958984375,0.902618408203125,0.597991943359375,3.1414260864257813,0.06096649169921875,16129.648620605469,140448.5322265625,106352.21374511719,4593.998046875,17024311296,8053063680,4964298752,0
200,1740410427221,2801,2801,2801,2801,2801,2801,2801,2801,1.2258224487304688,0.4766998291015625,1.2249221801757813,0.58917236328125,0.378021240234375,0.16512298583984375,2.8586044311523438,1.0545654296875,16129.760864257813,140448.79559326172,106352.37957763672,4594.011291503906,17024311296,8053063680,4964274176,0
200,1740410427421,2801,2801,2801,2801,2801,2801,2801,2801,0.5717086791992188,0.2730255126953125,3.4352874755859375,0.03940582275390625,0.18984222412109375,0.05075836181640625,0.12552642822265625,0.1039581298828125,16129.864135742188,140448.9266357422,106352.47283935547,4594.011291503906,17024311296,8053063680,4964274176,0
200,1740410427622,2801,2801,2801,2801,2801,2801,2801,2801,1.0296554565429688,1.43206787109375,3.6651229858398438,0.12801361083984375,2.4125137329101563,1.0838546752929688,0.43543243408203125,0.088165283203125,16129.970886230469,140449.1410522461,106352.65264892578,4594.011291503906,17024311296,8053063680,4961775616,0
200,1740410427823,2801,2801,2801,2801,2801,2801,2801,2801,0.6088333129882813,0.448394775390625,1.3068313598632813,0.17000579833984375,2.4457473754882813,0.11406707763671875,0.2661895751953125,0.135986328125,16130.07421875,140449.2745361328,106352.75158691406,4594.011291503906,17024311296,8053063680,4961820672,0
200,1740410428024,2801,2801,2801,2801,2801,2801,2801,2801,1.6026077270507813,0.3194732666015625,1.6016082763671875,0.12725830078125,2.3094482421875,0.05633544921875,1.0241241455078125,0.4719390869140625,16130.178405761719,140449.44110107422,106352.88360595703,4594.011291503906,17024311296,8053063680,4961820672,0
200,1740410428224,2801,2801,2801,2801,2801,2801,2801,2801,1.3561477661132813,0.51092529296875,1.78759765625,0.621795654296875,2.9303359985351563,0.027252197265625,0.38974761962890625,0.6868667602539063,16130.289794921875,140449.74871826172,106353.03729248047,4594.019104003906,17024311296,8053063680,4961800192,0
200,1740410428425,2801,2801,2801,2801,2801,2801,2801,2801,0.637176513671875,0.22260284423828125,1.29412841796875,0.1012115478515625,2.3914566040039063,0.042388916015625,0.1181488037109375,0.05962371826171875,16130.393005371094,140449.89910888672,106353.13537597656,4594.019104003906,17024311296,8053063680,4961800192,0
200,1740410428626,2801,2801,2801,2801,2801,2801,2801,2801,0.466827392578125,1.312713623046875,3.4429702758789063,0.03874969482421875,0.1621856689453125,0,0.34180450439453125,0.0117034912109375,16130.496643066406,140450.0400390625,106353.24768066406,4594.019104003906,17024311296,8053063680,4961828864,0
200,1740410428827,2801,2801,2801,2801,2801,2801,2801,2801,1.1010665893554688,0.36840057373046875,2.2596664428710938,0.13762664794921875,0.28496551513671875,0.25189208984375,2.9193115234375,0.1855926513671875,16130.601257324219,140450.2271118164,106353.39587402344,4594.019104003906,17024311296,8053063680,4961656832,0
200,1740410429027,2801,2801,2801,2801,2801,2801,2801,2801,1.501800537109375,0.38318634033203125,1.9636383056640625,0.17746734619140625,2.4226760864257813,0.06868743896484375,1.29559326171875,0.199737548828125,16130.705688476563,140450.40045166016,106353.53448486328,4594.019104003906,17024311296,8053063680,4961677312,0
200,1740410429228,2801,2801,2801,2801,2801,2801,2801,2801,1.1239395141601563,0.34066009521484375,1.442626953125,0.42433929443359375,0.37931060791015625,0.0397491455078125,2.466644287109375,0.6984481811523438,16130.815124511719,140450.61834716797,106353.67602539063,4594.027770996094,17024311296,8053063680,4961677312,0
200,1740410429429,2801,2801,2801,2801,2801,2801,2801,2801,1.6172332763671875,0.24346923828125,1.3034820556640625,0.078399658203125,0.15964508056640625,0.0555877685546875,2.4475173950195313,0.04363250732421875,16130.920654296875,140450.76568603516,106353.78759765625,4594.027770996094,17024311296,8053063680,4961677312,0
200,1740410429630,2801,2801,2801,2801,2801,2801,2801,2801,0.686767578125,1.3521728515625,1.3140640258789063,2.380157470703125,0.24373626708984375,0.12119293212890625,0.16393280029296875,0.0201263427734375,16131.024841308594,140450.9559326172,106353.90301513672,4594.027770996094,17024311296,8053063680,4961579008,0
200,1740410429831,2801,2801,2801,2801,2801,2801,2801,2801,1.3826065063476563,2.6161727905273438,1.4132919311523438,0.2135009765625,0.46709442138671875,0.07895660400390625,0.33583831787109375,0.9679641723632813,16131.132690429688,140451.16790771484,106354.04150390625,4594.031982421875,17024311296,8053063680,4961378304,0
200,1740410430031,2801,2801,2801,2801,2801,2801,2801,2801,1.2836227416992188,0.39227294921875,4.156761169433594,0.6631088256835938,0.2831878662109375,0.07282257080078125,0.9966506958007813,0.06485748291015625,16131.237243652344,140451.34075927734,106354.1767578125,4594.031982421875,17024311296,8053063680,4961234944,0
200,1740410430232,2801,2801,2801,2801,2801,2801,2801,2801,1.0888442993164063,0.323760986328125,1.5121231079101563,0.43170166015625,0.367095947265625,0.03910064697265625,2.5618133544921875,0.6811447143554688,16131.346862792969,140451.56494140625,106354.3218383789,4594.0390625,17024311296,8053063680,4961234944,0
200,1740410430433,2801,2801,2801,2801,2801,2801,2801,2801,0.5739059448242188,0.31400299072265625,3.4471893310546875,0.14788818359375,0.20227813720703125,0.054840087890625,0.095733642578125,0.05384063720703125,16131.449951171875,140451.69512939453,106354.41888427734,4594.0390625,17024311296,8053063680,4961234944,0
200,1740410430634,2801,2801,2801,2801,2801,2801,2801,2801,0.5900497436523438,1.2733078002929688,3.4422378540039063,0.10341644287109375,0.237213134765625,0.04981231689453125,0.1673736572265625,0.04492950439453125,16131.553955078125,140451.84661865234,106354.5365600586,4594.0390625,17024311296,8053063680,4961095680,0
200,1740410430834,2801,2801,2801,2801,2801,2801,2801,2801,1.4373550415039063,0.45362091064453125,2.2280960083007813,2.5247726440429688,0.31363677978515625,0.24237060546875,0.8318328857421875,0.485687255859375,16131.662780761719,140452.11614990234,106354.71325683594,4594.0443115234375,17024311296,8053063680,4961075200,0
200,1740410431035,2801,2801,2801,2801,2801,2801,2801,2801,2.3987960815429688,0.2556915283203125,3.4543838500976563,0.22406005859375,0.866943359375,0.0673980712890625,0.20174407958984375,0.5125732421875,16131.768005371094,140452.32891845703,106354.85235595703,4594.0443115234375,17024311296,8053063680,4961095680,0
200,1740410431236,2801,2801,2801,2801,2801,2801,2801,2801,1.2275772094726563,0.27988433837890625,1.6870269775390625,0.5370025634765625,2.4449386596679688,0.06938934326171875,0.37372589111328125,0.7407760620117188,16131.8779296875,140452.56561279297,106354.99700927734,4594.052062988281,17024311296,8053063680,4961095680,0
200,1740410431436,2801,2801,2801,2801,2801,2801,2801,2801,8.046775817871094,0.2064971923828125,3.4415054321289063,0.6873931884765625,0.14875030517578125,0.35962677001953125,0.13072967529296875,0.8144912719726563,16131.989379882813,140452.89044189453,106355.27313232422,4594.052062988281,17024311296,8053063680,4961230848,0
200,1740410431637,2801,2801,2801,2801,2801,2801,2801,2801,0.5835952758789063,1.326446533203125,3.53424072265625,0.14292144775390625,0.1902008056640625,0.03247833251953125,0.14402008056640625,0.07706451416015625,16132.093444824219,140453.04223632813,106355.39233398438,4594.052062988281,17024311296,8053063680,4961050624,0
200,1740410431838,2801,2801,2801,2801,2801,2801,2801,2801,0.8979415893554688,0.5304336547851563,3.7775726318359375,0.39019012451171875,0.38336181640625,0.3360595703125,0.44904327392578125,0.6142120361328125,16132.199584960938,140453.21118164063,106355.51062011719,4594.0555419921875,17024311296,8053063680,4961050624,0
200,1740410432039,2801,2801,2801,2801,2801,2801,2801,2801,2.1992340087890625,0.3075714111328125,3.4988250732421875,0.40721893310546875,0.3912811279296875,0.04494476318359375,0.2651214599609375,1.1437911987304688,16132.307250976563,140453.43328857422,106355.66302490234,4594.0587158203125,17024311296,8053063680,4961021952,0
200,1740410432239,2801,2801,2801,2801,2801,2801,2801,2801,0.96826171875,0.40631866455078125,3.7790908813476563,0.25272369384765625,0.5591049194335938,0.09226226806640625,0.2150115966796875,0.9140090942382813,16132.417114257813,140453.70532226563,106355.80139160156,4594.0653076171875,17024311296,8053063680,4960866304,0
200,1740410432440,2801,2801,2801,2801,2801,2801,2801,2801,0.9591140747070313,0.24393463134765625,1.3146286010742188,0.1523284912109375,0.371063232421875,0.1074981689453125,2.5814895629882813,0.09593963623046875,16132.521179199219,140453.8511352539,106355.91510009766,4594.0653076171875,17024311296,8053063680,4960546816,0
200,1740410432641,2801,2801,2801,2801,2801,2801,2801,2801,0.605224609375,1.1820602416992188,1.2715835571289063,0.13275909423828125,0.25516510009765625,0.027801513671875,2.4640579223632813,0.0395050048828125,16132.625,140454.00421142578,106356.03576660156,4594.0653076171875,17024311296,8053063680,4960432128,0
200,1740410432842,2801,2801,2801,2801,2801,2801,2801,2801,1.6314010620117188,0.47768402099609375,4.4142303466796875,0.15306854248046875,0.6414642333984375,0.24561309814453125,0.7545318603515625,0.10614776611328125,16132.730102539063,140454.2036743164,106356.19519042969,4594.0653076171875,17024311296,8053063680,4960432128,0
200,1740410433042,2801,2801,2801,2801,2801,2801,2801,2801,1.8700027465820313,0.7288284301757813,3.5666351318359375,0.473663330078125,2.6339035034179688,0.6576385498046875,1.3561325073242188,0.49289703369140625,16132.844604492188,140454.50189208984,106356.40850830078,4594.0731201171875,17024311296,8053063680,4960444416,0
200,1740410433243,2801,2801,2801,2801,2801,2801,2801,2801,0.7324066162109375,0.3300628662109375,3.5372467041015625,0.1481475830078125,0.2771148681640625,0.04004669189453125,0.1623382568359375,0.4185791015625,16132.950927734375,140454.68395996094,106356.5297241211,4594.0751953125,17024311296,8053063680,4960444416,0
200,1740410433444,2801,2801,2801,2801,2801,2801,2801,2801,0.6210174560546875,0.33292388916015625,1.2621612548828125,0.10434722900390625,0.25223541259765625,0.14145660400390625,2.3414306640625,0.02744293212890625,16133.05419921875,140454.81732177734,106356.63165283203,4594.0751953125,17024311296,8053063680,4959899648,0
200,1740410433644,2801,2801,2801,2801,2801,2801,2801,2801,0.6594772338867188,1.2989273071289063,3.694915771484375,1.5796432495117188,0.392852783203125,0.05973052978515625,0.34622955322265625,0.057586669921875,16133.159362792969,140455.05572509766,106356.78912353516,4594.0751953125,17024311296,8053063680,4959801344,0
200,1740410433845,2801,2801,2801,2801,2801,2801,2801,2801,0.5860137939453125,0.2125396728515625,1.2525253295898438,0.1696014404296875,0.27913665771484375,0.09319305419921875,2.3166656494140625,0.026397705078125,16133.262329101563,140455.18908691406,106356.89172363281,4594.0751953125,17024311296,8053063680,4959793152,0
200,1740410434046,2801,2801,2801,2801,2801,2801,2801,2801,1.9961700439453125,0.23503875732421875,1.6064376831054688,0.362274169921875,0.0662384033203125,0.7369613647460938,3.2896194458007813,0.8626022338867188,16133.372619628906,140455.47149658203,106357.08404541016,4594.087585449219,17024311296,8053063680,4959813632,0
200,1740410434247,2801,2801,2801,2801,2801,2801,2801,2801,1.165191650390625,0.4477386474609375,1.7956314086914063,0.307525634765625,2.8729095458984375,0.3303375244140625,0.42507171630859375,0.35025787353515625,16133.479553222656,140455.66369628906,106357.20336914063,4594.087585449219,17024311296,8053063680,4959813632,0
200,1740410434447,2801,2801,2801,2801,2801,2801,2801,2801,0.5245819091796875,0.23262786865234375,3.3917465209960938,0.04602813720703125,0.15695953369140625,0.02231597900390625,0.11930084228515625,0.04149627685546875,16133.582336425781,140455.79095458984,106357.29943847656,4594.087585449219,17024311296,8053063680,4959813632,0
200,1740410434648,2801,2801,2801,2801,2801,2801,2801,2801,0.5272369384765625,1.2114334106445313,1.301300048828125,0.03063201904296875,0.2330780029296875,0.05394744873046875,2.3201522827148438,0.03287506103515625,16133.686401367188,140455.94665527344,106357.42163085938,4594.087585449219,17024311296,8053063680,4959731712,0
200,1740410434849,2801,2801,2801,2801,2801,2801,2801,2801,1.2070236206054688,0.24422454833984375,2.290618896484375,0.175933837890625,0.17852020263671875,0.2765045166015625,2.8573684692382813,0.1205902099609375,16133.790893554688,140456.1287841797,106357.56854248047,4594.087585449219,17024311296,8053063680,4959731712,0
200,1740410435050,2801,2801,2801,2801,2801,2801,2801,2801,1.7559051513671875,0.3108367919921875,4.49810791015625,0.15038299560546875,0.7803802490234375,0.0730743408203125,1.2896041870117188,0.49800872802734375,16133.898742675781,140456.40161132813,106357.73248291016,4594.092529296875,17024311296,8053063680,4959731712,0
200,1740410435250,2801,2801,2801,2801,2801,2801,2801,2801,0.8865966796875,0.31847381591796875,1.4476394653320313,0.323211669921875,2.61639404296875,0.13896942138671875,0.33685302734375,0.4527130126953125,16134.007141113281,140456.6011352539,106357.85723876953,4594.097351074219,17024311296,8053063680,4959731712,0
200,1740410435451,2801,2801,2801,2801,2801,2801,2801,2801,0.6481704711914063,0.319580078125,3.5833969116210938,0.074462890625,0.096832275390625,0.107940673828125,0.280975341796875,0.0547943115234375,16134.109924316406,140456.73565673828,106357.9614868164,4594.097351074219,17024311296,8053063680,4959731712,0
200,1740410435652,2801,2801,2801,2801,2801,2801,2801,2801,0.606201171875,0.30016326904296875,1.3232269287109375,0.1294097900390625,3.3267288208007813,0.0211181640625,0.21030426025390625,0.07207489013671875,16134.21435546875,140456.88897705078,106358.07824707031,4594.097351074219,17024311296,8053063680,4959711232,0
200,1740410435853,2801,2801,2801,2801,2801,2801,2801,2801,1.4165802001953125,0.24341583251953125,1.2548980712890625,0.13443756103515625,2.3909454345703125,0.0589752197265625,0.25597381591796875,0.04831695556640625,16134.317687988281,140457.0343017578,106358.19018554688,4594.097351074219,17024311296,8053063680,4959682560,0
200,1740410436053,2801,2801,2801,2801,2801,2801,2801,2801,1.5576248168945313,0.283935546875,1.38873291015625,0.24048614501953125,1.2823104858398438,0.04309844970703125,3.1595458984375,0.1337738037109375,16134.421936035156,140457.21405029297,106358.33190917969,4594.099914550781,17024311296,8053063680,4959682560,0
200,1740410436254,2801,2801,2801,2801,2801,2801,2801,2801,1.2692108154296875,0.38713836669921875,1.6118698120117188,0.3870391845703125,0.4183197021484375,0.10779571533203125,2.4973297119140625,1.364898681640625,16134.534545898438,140457.4708251953,106358.49401855469,4594.107177734375,17024311296,8053063680,4959162368,0
200,1740410436455,2801,2801,2801,2801,2801,2801,2801,2801,0.5614395141601563,0.378692626953125,1.2486495971679688,0.06041717529296875,0.147430419921875,0.18603515625,2.4063034057617188,0.0446319580078125,16134.637878417969,140457.6566772461,106358.59100341797,4594.107177734375,17024311296,8053063680,4959141888,0
200,1740410436656,2801,2801,2801,2801,2801,2801,2801,2801,1.5448455810546875,0.35729217529296875,3.47174072265625,0.10933685302734375,0.16646575927734375,0.07466888427734375,0.12841033935546875,0.03760528564453125,16134.741760253906,140457.806640625,106358.7074584961,4594.107177734375,17024311296,8053063680,4959059968,0
200,1740410436856,2801,2801,2801,2801,2801,2801,2801,2801,1.12567138671875,0.3006591796875,4.422080993652344,0.16078948974609375,0.28466796875,0.25543212890625,0.6364822387695313,0.1571044921875,16134.846435546875,140457.9913330078,106358.85577392578,4594.107177734375,17024311296,8053063680,4959059968,0
200,1740410437057,2801,2801,2801,2801,2801,2801,2801,2801,1.414520263671875,0.32692718505859375,4.56719970703125,0.0382080078125,0.18585968017578125,0.04961395263671875,0.9674911499023438,0.105010986328125,16134.950805664063,140458.15753173828,106358.98657226563,4594.107177734375,17024311296,8053063680,4959035392,0
200,1740410437258,2801,2801,2801,2801,2801,2801,2801,2801,1.0256881713867188,0.5207366943359375,1.33880615234375,0.5134658813476563,0.29229736328125,0.1668243408203125,2.588897705078125,0.6944351196289063,16135.060485839844,140458.37921142578,106359.12707519531,4594.11474609375,17024311296,8053063680,4959027200,0
200,1740410437459,2801,2801,2801,2801,2801,2801,2801,2801,0.8725814819335938,0.24755859375,3.67254638671875,0.05977630615234375,0.1654205322265625,0.02082061767578125,0.192169189453125,0.072174072265625,16135.16357421875,140458.52758789063,106359.23126220703,4594.11474609375,17024311296,8053063680,4959027200,0
200,1740410437659,2801,2801,2801,2801,2801,2801,2801,2801,1.16925048828125,1.8853683471679688,3.6719894409179688,0.4568634033203125,0.5022506713867188,0.160003662109375,0.45900726318359375,0.318359375,16135.268737792969,140458.75744628906,106359.40710449219,4594.1197509765625,17024311296,8053063680,4958957568,0
200,1740410437860,2801,2801,2801,2801,2801,2801,2801,2801,0.795166015625,0.24936676025390625,1.289459228515625,0.14809417724609375,0.16483306884765625,0.21498870849609375,2.32122802734375,0.120697021484375,16135.376586914063,140458.9697265625,106359.51739501953,4594.1197509765625,17024311296,8053063680,4958957568,0
200,1740410438061,2801,2801,2801,2801,2801,2801,2801,2801,1.5254058837890625,0.28913116455078125,4.5498046875,0.3716583251953125,0.25424957275390625,0.145660400390625,1.0638961791992188,0.13983154296875,16135.481872558594,140459.1717529297,106359.66589355469,4594.1219482421875,17024311296,8053063680,4958978048,0
200,1740410438261,2801,2801,2801,2801,2801,2801,2801,2801,0.83087158203125,0.39804840087890625,1.414398193359375,0.247100830078125,0.4131927490234375,0.16524505615234375,2.4074325561523438,0.9022674560546875,16135.592041015625,140459.40942382813,106359.8076171875,4594.128601074219,17024311296,8053063680,4958978048,0
200,1740410438462,2801,2801,2801,2801,2801,2801,2801,2801,0.574859619140625,0.2760467529296875,4.4856719970703125,0.088165283203125,0.17308807373046875,0.2659912109375,0.1418609619140625,0.07805633544921875,16135.697570800781,140459.56372070313,106359.92852783203,4594.128601074219,17024311296,8053063680,4958978048,0
200,1740410438663,2801,2801,2801,2801,2801,2801,2801,2801,0.5339508056640625,0.38909149169921875,1.5387344360351563,0.152679443359375,0.19671630859375,0.04388427734375,3.3391342163085938,0.0937957763671875,16135.802001953125,140459.7235107422,106360.05462646484,4594.128601074219,17024311296,8053063680,4958920704,0
200,1740410438864,2801,2801,2801,2801,2801,2801,2801,2801,2.4149856567382813,0.2940826416015625,2.5179443359375,0.22280120849609375,0.5037384033203125,0.21453857421875,2.8889312744140625,0.5867691040039063,16135.911682128906,140459.9893798828,106360.2357788086,4594.1337890625,17024311296,8053063680,4958920704,0
200,1740410439064,2801,2801,2801,2801,2801,2801,2801,2801,2.5579071044921875,0.26364898681640625,1.4441299438476563,0.4812774658203125,0.26399993896484375,0.16582489013671875,2.7589797973632813,1.2848358154296875,16136.019775390625,140460.2573852539,106360.40454101563,4594.1395263671875,17024311296,8053063680,4958900224,0
200,1740410439265,2801,2801,2801,2801,2801,2801,2801,2801,0.7322311401367188,0.30390167236328125,1.345062255859375,0.19710540771484375,0.1252288818359375,2.2855987548828125,0.15586090087890625,0.4543304443359375,16136.126708984375,140460.4380493164,106360.52130126953,4594.141784667969,17024311296,8053063680,4958900224,0
200,1740410439466,2801,2801,2801,2801,2801,2801,2801,2801,0.5321426391601563,0.30390167236328125,1.3016891479492188,0.07586669921875,0.17433929443359375,0.05962371826171875,2.3532180786132813,0.05524444580078125,16136.229614257813,140460.56854248047,106360.62103271484,4594.141784667969,17024311296,8053063680,4958883840,0
200,1740410439666,2801,2801,2801,2801,2801,2801,2801,2801,1.5673599243164063,0.31916046142578125,1.3491668701171875,0.11053466796875,2.364532470703125,0.041595458984375,0.177886962890625,0.03701019287109375,16136.333679199219,140460.72583007813,106360.74438476563,4594.141784667969,17024311296,8053063680,4958683136,0
200,1740410439867,2801,2801,2801,2801,2801,2801,2801,2801,0.7774810791015625,0.352874755859375,1.3345870971679688,0.40836334228515625,2.4882965087890625,0.05410003662109375,0.1936187744140625,0.5081405639648438,16136.441345214844,140460.92407226563,106360.87158203125,4594.1466064453125,17024311296,8053063680,4958683136,0
200,1740410440068,2801,2801,2801,2801,2801,2801,2801,2801,2.388519287109375,0.33478546142578125,1.5967330932617188,2.8010635375976563,0.2808074951171875,0.44922637939453125,1.0682601928710938,1.1417770385742188,16136.549865722656,140461.17626953125,106361.056640625,4594.1551513671875,17024311296,8053063680,4958703616,0
200,1740410440269,2801,2801,2801,2801,2801,2801,2801,2801,0.6745834350585938,0.28157806396484375,1.4180145263671875,0.1056976318359375,0.37462615966796875,0.08034515380859375,2.3563461303710938,0.1337890625,16136.656677246094,140461.34735107422,106361.16638183594,4594.1551513671875,17024311296,8053063680,4958703616,0
200,1740410440469,2801,2801,2801,2801,2801,2801,2801,2801,0.8476028442382813,0.37827301025390625,1.4753341674804688,0.1222381591796875,0.2841796875,0.0852813720703125,2.5452499389648438,0.057037353515625,16136.760375976563,140461.53649902344,106361.27465820313,4594.1551513671875,17024311296,8053063680,4958683136,0
200,1740410440670,2801,2801,2801,2801,2801,2801,2801,2801,0.570556640625,1.3743515014648438,3.4622726440429688,0.0989837646484375,0.2412109375,0.07517242431640625,0.08837890625,0.088775634765625,16136.864196777344,140461.68585205078,106361.39141845703,4594.1551513671875,17024311296,8053063680,4958613504,0
200,1740410440871,2801,2801,2801,2801,2801,2801,2801,2801,1.2877120971679688,0.40438079833984375,4.455574035644531,0.3639068603515625,0.26880645751953125,0.2971649169921875,0.787384033203125,0.516632080078125,16136.972106933594,140461.9256591797,106361.5668334961,4594.1600341796875,17024311296,8053063680,4958613504,0
200,1740410441071,2801,2801,2801,2801,2801,2801,2801,2801,1.8796615600585938,0.38639068603515625,2.0341949462890625,0.32517242431640625,3.3184890747070313,0.19915008544921875,1.3965606689453125,0.873779296875,16137.082702636719,140462.1841430664,106361.74548339844,4594.167541503906,17024311296,8053063680,4958633984,0
200,1740410441272,2801,2801,2801,2801,2801,2801,2801,2801,0.6125106811523438,0.252838134765625,1.2934646606445313,0.12955474853515625,0.190277099609375,0.0936431884765625,2.38739013671875,0.0634613037109375,16137.187561035156,140462.33618164063,106361.84466552734,4594.167541503906,17024311296,8053063680,4958633984,0
200,1740410441473,2801,2801,2801,2801,2801,2801,2801,2801,0.5492935180664063,0.22583770751953125,1.2650070190429688,0.05025482177734375,0.24530792236328125,0.06529998779296875,2.3648452758789063,0.03461456298828125,16137.29052734375,140462.4696044922,106361.94689941406,4594.167541503906,17024311296,8053063680,4958633984,0
200,1740410441673,2801,2801,2801,2801,2801,2801,2801,2801,0.7052078247070313,1.4735870361328125,1.2977371215820313,0.9578857421875,2.754638671875,0.43729400634765625,0.528411865234375,2.2448577880859375,16137.399597167969,140462.71484375,106362.15222167969,4594.167541503906,17024311296,8053063680,4958576640,0
200,1740410441874,2801,2801,2801,2801,2801,2801,2801,2801,6.3618011474609375,0.347320556640625,2.2653656005859375,0.5644989013671875,0.8572235107421875,2.9495773315429688,0.5816116333007813,0.7638015747070313,16137.513977050781,140463.0493774414,106362.40686035156,4594.167541503906,17024311296,8053063680,4958453760,0
200,1740410442075,2801,2801,2801,2801,2801,2801,2801,2801,14.4964599609375,0.32576751708984375,14.759506225585938,2.09136962890625,1.0714340209960938,0.5920028686523438,6.7216033935546875,1.6828689575195313,16137.632507324219,140463.84802246094,106363.08923339844,4594.171691894531,17024311296,8053063680,4955824128,0
200,1740410442275,2801,2801,2801,2801,2801,2801,2801,2801,0.9657745361328125,0.3824462890625,1.48236083984375,1.2502899169921875,3.131683349609375,0.7572708129882813,0.9113311767578125,2.0464630126953125,16137.744812011719,140464.14599609375,106363.30004882813,4594.18017578125,17024311296,8053063680,4953935872,0
200,1740410442476,2801,2801,2801,2801,2801,2801,2801,2801,0.5596160888671875,0.2996826171875,1.667633056640625,0.41933441162109375,0.32872772216796875,0.040252685546875,2.503814697265625,0.03775787353515625,16137.84912109375,140464.29718017578,106363.41583251953,4594.18017578125,17024311296,8053063680,4953493504,0
200,1740410442677,2801,2801,2801,2801,2801,2801,2801,2801,0.9745254516601563,1.4749832153320313,3.4355392456054688,0.11029815673828125,0.2319488525390625,0.05181121826171875,0.2347869873046875,0.08872222900390625,16137.953857421875,140464.4542236328,106363.53900146484,4594.18017578125,17024311296,8053063680,4958502912,0
200,1740410442878,2801,2801,2801,2801,2801,2801,2801,2801,1.0610427856445313,0.33098602294921875,4.423042297363281,0.159393310546875,0.28595733642578125,0.22379302978515625,0.7142715454101563,0.08058929443359375,16138.058410644531,140464.6763305664,106363.68157958984,4594.18017578125,17024311296,8053063680,4958502912,0
200,1740410443078,2801,2801,2801,2801,2801,2801,2801,2801,1.7309799194335938,0.72430419921875,4.6063232421875,0.33069610595703125,0.30603790283203125,0.0599212646484375,2.9013442993164063,0.515594482421875,16138.17236328125,140464.96478271484,106363.88891601563,4594.18505859375,17024311296,8053063680,4958527488,0
200,1740410443279,2801,2801,2801,2801,2801,2801,2801,2801,1.3053741455078125,0.33159637451171875,1.4384765625,0.44855499267578125,0.39292144775390625,0.1666717529296875,2.87451171875,0.7810516357421875,16138.282775878906,140465.2318725586,106364.04089355469,4594.192138671875,17024311296,8053063680,4958457856,0
200,1740410443480,2801,2801,2801,2801,2801,2801,2801,2801,0.8687362670898438,0.3114776611328125,2.0508346557617188,0.5021591186523438,2.447845458984375,0.389434814453125,0.285675048828125,0.187591552734375,16138.3876953125,140465.4100341797,106364.17303466797,4594.192138671875,17024311296,8053063680,4958253056,0
200,1740410443681,2801,2801,2801,2801,2801,2801,2801,2801,0.5952682495117188,0.32553863525390625,1.3541793823242188,0.1298065185546875,1.4423294067382813,2.3108596801757813,0.20809173583984375,0.0561065673828125,16138.492004394531,140465.63012695313,106364.2992553711,4594.192138671875,17024311296,8053063680,4958105600,0
200,1740410443881,2801,2801,2801,2801,2801,2801,2801,2801,0.5629119873046875,0.31925201416015625,1.2903518676757813,0.1446990966796875,2.42987060546875,0.07175445556640625,0.1277618408203125,0.05939483642578125,16138.593444824219,140465.87774658203,106364.3920288086,4594.192138671875,17024311296,8053063680,4958097408,0
200,1740410444082,2801,2801,2801,2801,2801,2801,2801,2801,2.1017608642578125,0.42981719970703125,1.4326705932617188,0.7001876831054688,0.3920745849609375,0.1620941162109375,3.8849716186523438,0.98828125,16138.702880859375,140466.2322998047,106364.55822753906,4594.1993408203125,17024311296,8053063680,4957986816,0
200,1740410444282,2801,2801,2801,2801,2801,2801,2801,2801,0.7564010620117188,0.5106735229492188,3.5963134765625,0.24756622314453125,0.5792160034179688,0.0751190185546875,0.18654632568359375,0.5783233642578125,16138.8115234375,140466.44232177734,106364.6923828125,4594.2047119140625,17024311296,8053063680,4957986816,0
200,1740410444483,2801,2801,2801,2801,2801,2801,2801,2801,0.5605621337890625,0.3045501708984375,1.3926925659179688,0.04205322265625,0.40540313720703125,0.116943359375,2.3000106811523438,0.0369720458984375,16138.9150390625,140466.60302734375,106364.79986572266,4594.2047119140625,17024311296,8053063680,4957921280,0
200,1740410444684,2801,2801,2801,2801,2801,2801,2801,2801,0.6093902587890625,1.3332672119140625,1.36639404296875,0.07382965087890625,2.4148941040039063,0.1002349853515625,0.1094512939453125,0.08294677734375,16139.018981933594,140466.78131103516,106364.92041015625,4594.2047119140625,17024311296,8053063680,4957908992,0
200,1740410444885,2801,2801,2801,2801,2801,2801,2801,2801,1.611602783203125,0.328216552734375,2.268890380859375,0.12866973876953125,2.8445281982421875,0.1890869140625,0.6696395874023438,0.130462646484375,16139.123840332031,140466.9771118164,106365.07940673828,4594.2047119140625,17024311296,8053063680,4957913088,0
200,1740410445085,2801,2801,2801,2801,2801,2801,2801,2801,1.688232421875,0.29791259765625,1.360015869140625,0.35079193115234375,1.0136566162109375,0.6207962036132813,3.1957855224609375,0.4241180419921875,16139.230712890625,140467.19146728516,106365.23858642578,4594.210632324219,17024311296,8053063680,4957933568,0
200,1740410445286,2801,2801,2801,2801,2801,2801,2801,2801,0.7670059204101563,0.36850738525390625,1.3785018920898438,0.18784332275390625,0.12757110595703125,0.12552642822265625,2.3515777587890625,0.45871734619140625,16139.337768554688,140467.37371826172,106365.35876464844,4594.212585449219,17024311296,8053063680,4957933568,0
200,1740410445487,2801,2801,2801,2801,2801,2801,2801,2801,0.6253585815429688,0.25649261474609375,1.2257537841796875,0.0412445068359375,2.34979248046875,0.05942535400390625,0.13927459716796875,0.07297515869140625,16139.440673828125,140467.5044555664,106365.45910644531,4594.212585449219,17024311296,8053063680,4957933568,0
200,1740410445687,2801,2801,2801,2801,2801,2801,2801,2801,0.6463394165039063,1.2610931396484375,1.294769287109375,0.10919189453125,2.3316421508789063,0.223419189453125,0.164337158203125,0.03740692138671875,16139.544860839844,140467.658203125,106365.58013916016,4594.212585449219,17024311296,8053063680,4957884416,0
200,1740410445888,2801,2801,2801,2801,2801,2801,2801,2801,0.6679534912109375,0.32169342041015625,1.4203643798828125,0.18939971923828125,2.362518310546875,0.0896453857421875,0.228363037109375,0.06966400146484375,16139.648498535156,140467.83404541016,106365.68035888672,4594.212585449219,17024311296,8053063680,4957863936,0
200,1740410446089,2801,2801,2801,2801,2801,2801,2801,2801,1.8959274291992188,0.3498992919921875,3.5809173583984375,0.425262451171875,0.3905181884765625,0.868316650390625,1.1969757080078125,0.6467132568359375,16139.755981445313,140468.0728149414,106365.85180664063,4594.219970703125,17024311296,8053063680,4957884416,0
200,1740410446289,2801,2801,2801,2801,2801,2801,2801,2801,0.7731399536132813,0.30290985107421875,1.3515548706054688,0.17449188232421875,2.5338516235351563,0.071533203125,0.21254730224609375,0.1711578369140625,16139.862548828125,140468.23962402344,106365.95880126953,4594.219970703125,17024311296,8053063680,4957884416,0
200,1740410446490,2801,2801,2801,2801,2801,2801,2801,2801,7.958335876464844,0.19052886962890625,3.6537704467773438,0.6288223266601563,0.0916290283203125,0.369842529296875,0.19281768798828125,0.23586273193359375,16139.973815917969,140468.56951904297,106366.23126220703,4594.219970703125,17024311296,8053063680,4958019584,0
200,1740410446691,2801,2801,2801,2801,2801,2801,2801,2801,1.7313232421875,0.32563018798828125,1.3566436767578125,0.29198455810546875,2.3311386108398438,0.00667572021484375,0.0933074951171875,0.4665374755859375,16140.079711914063,140468.75952148438,106366.37091064453,4594.224914550781,17024311296,8053063680,4957986816,0
200,1740410446892,2801,2801,2801,2801,2801,2801,2801,2801,1.2108535766601563,0.2571868896484375,2.2804412841796875,0.1677703857421875,0.313323974609375,0.26087188720703125,2.85498046875,0.15451812744140625,16140.186645507813,140468.9711303711,106366.52294921875,4594.224914550781,17024311296,8053063680,4957986816,0
200,1740410447092,2801,2801,2801,2801,2801,2801,2801,2801,1.9354095458984375,0.4015960693359375,2.1227493286132813,0.47338104248046875,3.0880584716796875,0.05069732666015625,1.2415390014648438,0.8073883056640625,16140.295837402344,140469.2071533203,106366.69384765625,4594.232482910156,17024311296,8053063680,4957822976,0
200,1740410447293,2801,2801,2801,2801,2801,2801,2801,2801,0.8407821655273438,0.25812530517578125,1.3160400390625,0.2310333251953125,2.53839111328125,0.1781768798828125,0.32472991943359375,0.12059783935546875,16140.4013671875,140469.42572021484,106366.8090209961,4594.232482910156,17024311296,8053063680,4957667328,0
200,1740410447494,2801,2801,2801,2801,2801,2801,2801,2801,0.9128189086914063,0.18902587890625,1.3704147338867188,0.0563812255859375,2.587921142578125,0.0783538818359375,0.25577545166015625,0.13458251953125,16140.505249023438,140469.56951904297,106366.92053222656,4594.232482910156,17024311296,8053063680,4957667328,0
200,1740410447694,2801,2801,2801,2801,2801,2801,2801,2801,1.5511398315429688,0.3124237060546875,1.2685623168945313,0.11212921142578125,2.5537567138671875,0.03905487060546875,0.183807373046875,0.10161590576171875,16140.609252929688,140469.72338867188,106367.0414428711,4594.232482910156,17024311296,8053063680,4957495296,0
200,1740410447895,2801,2801,2801,2801,2801,2801,2801,2801,1.190032958984375,2.4744033813476563,1.2682342529296875,0.5322265625,0.8104705810546875,0.14574432373046875,0.33672332763671875,0.4193572998046875,16140.717407226563,140469.93780517578,106367.1806640625,4594.237609863281,17024311296,8053063680,4957470720,0
200,1740410448096,2801,2801,2801,2801,2801,2801,2801,2801,2.0276718139648438,0.5067901611328125,1.4909133911132813,0.3628692626953125,2.371551513671875,1.3111038208007813,1.2271499633789063,0.6972732543945313,16140.826721191406,140470.1766357422,106367.34991455078,4594.2459716796875,17024311296,8053063680,4957491200,0
200,1740410448297,2801,2801,2801,2801,2801,2801,2801,2801,0.8534393310546875,0.264190673828125,1.4453811645507813,0.0504608154296875,0.35773468017578125,0.14295196533203125,2.410400390625,0.058074951171875,16140.931640625,140470.3292236328,106367.4556274414,4594.2459716796875,17024311296,8053063680,4957466624,0
200,1740410448497,2801,2801,2801,2801,2801,2801,2801,2801,0.5548248291015625,0.22202301025390625,1.2740936279296875,2.2577133178710938,0.15293121337890625,0.047271728515625,0.15228271484375,0.0653533935546875,16141.034484863281,140470.45263671875,106367.5482788086,4594.2459716796875,17024311296,8053063680,4957466624,0
200,1740410448698,2801,2801,2801,2801,2801,2801,2801,2801,0.663909912109375,0.34560394287109375,1.3128280639648438,0.0993804931640625,1.5838623046875,0.16786956787109375,2.4522552490234375,0.0254058837890625,16141.139343261719,140470.66278076172,106367.67877197266,4594.2459716796875,17024311296,8053063680,4957425664,0
200,1740410448899,2801,2801,2801,2801,2801,2801,2801,2801,1.4084014892578125,0.3351287841796875,4.654090881347656,0.217376708984375,0.4165191650390625,0.317596435546875,0.7977218627929688,0.5003509521484375,16141.248474121094,140470.91143798828,106367.85186767578,4594.251037597656,17024311296,8053063680,4957425664,0
200,1740410449100,2801,2801,2801,2801,2801,2801,2801,2801,1.6850814819335938,0.33209228515625,1.3018264770507813,0.0707855224609375,0.7269058227539063,0.16532135009765625,3.6941375732421875,0.16114044189453125,16141.353332519531,140471.0855102539,106367.98553466797,4594.251037597656,17024311296,8053063680,4957446144,0
200,1740410449300,2801,2801,2801,2801,2801,2801,2801,2801,1.1317977905273438,0.40225982666015625,1.2552947998046875,0.5795516967773438,0.26247406005859375,0.0670013427734375,2.6942520141601563,0.6682205200195313,16141.462951660156,140471.30786132813,106368.12670898438,4594.259460449219,17024311296,8053063680,4957446144,0
200,1740410449501,2801,2801,2801,2801,2801,2801,2801,2801,0.5524749755859375,0.330657958984375,1.2076187133789063,0.08084869384765625,0.1532745361328125,0.118255615234375,2.3299560546875,0.0408935546875,16141.565856933594,140471.4351196289,106368.22161865234,4594.259460449219,17024311296,8053063680,4957446144,0
200,1740410449702,2801,2801,2801,2801,2801,2801,2801,2801,0.8268814086914063,0.27092742919921875,2.444091796875,0.2839813232421875,2.3510894775390625,0.03232574462890625,0.2235107421875,0.02246856689453125,16141.669799804688,140471.60546875,106368.34802246094,4594.259460449219,17024311296,8053063680,4957388800,0
200,1740410449902,2801,2801,2801,2801,2801,2801,2801,2801,0.742431640625,0.35506439208984375,1.1904678344726563,2.5984268188476563,0.2049713134765625,0.1376800537109375,0.37131500244140625,0.4330291748046875,16141.776672363281,140471.7935180664,106368.4721069336,4594.264404296875,17024311296,8053063680,4957388800,0
200,1740410450103,2801,2801,2801,2801,2801,2801,2801,2801,1.696624755859375,0.30327606201171875,2.1302642822265625,0.36118316650390625,0.309906005859375,0.1974334716796875,3.8104934692382813,0.1655426025390625,16141.883239746094,140472.05865478516,106368.63177490234,4594.267272949219,17024311296,8053063680,4957388800,0
200,1740410450304,2801,2801,2801,2801,2801,2801,2801,2801,0.8795928955078125,0.39366912841796875,1.4249420166015625,0.267791748046875,2.5449752807617188,0.09743499755859375,0.2753143310546875,0.8789901733398438,16141.992919921875,140472.27758789063,106368.7661743164,4594.2734375,17024311296,8053063680,4957388800,0
200,1740410450505,2801,2801,2801,2801,2801,2801,2801,2801,0.6369400024414063,0.3122406005859375,1.3212509155273438,0.03656768798828125,0.2693023681640625,0.0645599365234375,2.3862991333007813,0.1697235107421875,16142.096130371094,140472.41052246094,106368.86706542969,4594.2734375,17024311296,8053063680,4957319168,0
200,1740410450705,2801,2801,2801,2801,2801,2801,2801,2801,0.6209793090820313,0.323516845703125,2.2356719970703125,0.17852020263671875,0.22145843505859375,0.03830718994140625,2.3716049194335938,0.04189300537109375,16142.200012207031,140472.55950927734,106368.9829711914,4594.2734375,17024311296,8053063680,4957233152,0
200,1740410450906,2801,2801,2801,2801,2801,2801,2801,2801,2.0367279052734375,0.35906219482421875,4.4607696533203125,0.36399078369140625,0.30318450927734375,0.2379913330078125,0.7441864013671875,0.4069061279296875,16142.307006835938,140472.79815673828,106369.16400146484,4594.278747558594,17024311296,8053063680,4957233152,0
200,1740410451107,2801,2801,2801,2801,2801,2801,2801,2801,1.7970809936523438,0.49945831298828125,2.1911773681640625,0.4132843017578125,0.26052093505859375,0.5781097412109375,3.3603591918945313,0.46218109130859375,16142.416442871094,140473.0467529297,106369.33093261719,4594.284973144531,17024311296,8053063680,4957233152,0
200,1740410451307,2801,2801,2801,2801,2801,2801,2801,2801,0.7992172241210938,0.3472900390625,3.6695785522460938,0.15027618408203125,0.2566070556640625,0.1098175048828125,0.153961181640625,0.41510772705078125,16142.523742675781,140473.24487304688,106369.44647216797,4594.286560058594,17024311296,8053063680,4957212672,0
200,1740410451508,2801,2801,2801,2801,2801,2801,2801,2801,0.5669097900390625,0.18733978271484375,1.260040283203125,0.07965087890625,0.21065521240234375,0.03277587890625,2.26409912109375,0.0344696044921875,16142.626586914063,140473.39739990234,106369.5433959961,4594.286560058594,17024311296,8053063680,4957212672,0
200,1740410451709,2801,2801,2801,2801,2801,2801,2801,2801,1.610382080078125,0.31685638427734375,3.4730682373046875,0.1271209716796875,0.1996002197265625,0.03417205810546875,0.13763427734375,0.090057373046875,16142.730407714844,140473.54663085938,106369.66009521484,4594.286560058594,17024311296,8053063680,4957204480,0
200,1740410451910,2801,2801,2801,2801,2801,2801,2801,2801,0.49814605712890625,0.30486297607421875,1.26190185546875,0.16403961181640625,2.3936843872070313,0.111083984375,0.1298675537109375,0.0557403564453125,16142.833312988281,140473.67694091797,106369.75909423828,4594.286560058594,17024311296,8053063680,4957188096,0
200,1740410452110,2801,2801,2801,2801,2801,2801,2801,2801,2.1071548461914063,0.47540283203125,1.4922637939453125,0.5223312377929688,0.47116851806640625,0.94049072265625,3.799041748046875,0.535186767578125,16142.943725585938,140473.9506225586,106369.94689941406,4594.297546386719,17024311296,8053063680,4957208576,0
200,1740410452311,2801,2801,2801,2801,2801,2801,2801,2801,1.2696685791015625,0.33123779296875,1.7397308349609375,0.115264892578125,2.45550537109375,0.05229949951171875,0.2266387939453125,0.47802734375,16143.051330566406,140474.14337158203,106370.07690429688,4594.299011230469,17024311296,8053063680,4957208576,0
200,1740410452512,2801,2801,2801,2801,2801,2801,2801,2801,0.5061492919921875,0.23003387451171875,1.2315216064453125,0.08129119873046875,2.3012542724609375,0.073272705078125,0.17165374755859375,0.0549468994140625,16143.154174804688,140474.27600097656,106370.17834472656,4594.299011230469,17024311296,8053063680,4957208576,0
200,1740410452713,2801,2801,2801,2801,2801,2801,2801,2801,0.8884048461914063,0.3020172119140625,1.481475830078125,3.239959716796875,0.13506317138671875,0.21681976318359375,0.26270294189453125,0.10163116455078125,16143.258666992188,140474.49591064453,106370.30950927734,4594.299011230469,17024311296,8053063680,4957167616,0
200,1740410452913,2801,2801,2801,2801,2801,2801,2801,2801,1.116729736328125,0.6271438598632813,4.212120056152344,0.1125946044921875,2.414703369140625,0.30649566650390625,0.6594772338867188,0.1039276123046875,16143.368041992188,140474.72924804688,106370.5023803711,4594.299011230469,17024311296,8053063680,4957167616,0
200,1740410453114,2801,2801,2801,2801,2801,2801,2801,2801,2.1224441528320313,0.5085067749023438,1.3292160034179688,0.523529052734375,3.1201553344726563,0.16098785400390625,1.1799545288085938,1.657135009765625,16143.479553222656,140475.01049804688,106370.69036865234,4594.31201171875,17024311296,8053063680,4957188096,0
200,1740410453314,2801,2801,2801,2801,2801,2801,2801,2801,0.781524658203125,0.3451080322265625,1.4212265014648438,0.17275238037109375,0.291107177734375,0.16976165771484375,2.3769454956054688,0.10066986083984375,16143.585876464844,140475.20318603516,106370.7939453125,4594.31201171875,17024311296,8053063680,4957188096,0
200,1740410453515,2801,2801,2801,2801,2801,2801,2801,2801,0.9147109985351563,0.20787811279296875,3.7471160888671875,0.04673004150390625,0.212310791015625,0.04119873046875,0.12369537353515625,0.05658721923828125,16143.689208984375,140475.34216308594,106370.90148925781,4594.31201171875,17024311296,8053063680,4957188096,0
200,1740410453716,2801,2801,2801,2801,2801,2801,2801,2801,0.6199874877929688,1.252532958984375,3.5710372924804688,1.5995864868164063,0.253204345703125,0.080902099609375,0.4315948486328125,0.16388702392578125,16143.794006347656,140475.53045654297,106371.0541381836,4594.31201171875,17024311296,8053063680,4957159424,0
200,1740410453917,2801,2801,2801,2801,2801,2801,2801,2801,1.0663070678710938,0.2650604248046875,3.4874420166015625,0.097930908203125,0.25629425048828125,0.06097412109375,0.51153564453125,0.10744476318359375,16143.897277832031,140475.67608642578,106371.166015625,4594.31201171875,17024311296,8053063680,4957118464,0
200,1740410454117,2801,2801,2801,2801,2801,2801,2801,2801,3.3157501220703125,0.5565567016601563,2.2425155639648438,0.8457717895507813,1.0400848388671875,0.20049285888671875,4.1109771728515625,0.8194503784179688,16144.009521484375,140476.080078125,106371.44116210938,4594.320495605469,17024311296,8053063680,4957007872,0
200,1740410454318,2801,2801,2801,2801,2801,2801,2801,2801,0.7165679931640625,0.30600738525390625,1.5495529174804688,0.06764984130859375,2.5027389526367188,0.05146026611328125,0.19736480712890625,0.0783538818359375,16144.113891601563,140476.236328125,106371.55377197266,4594.320495605469,17024311296,8053063680,4956991488,0
200,1740410454519,2801,2801,2801,2801,2801,2801,2801,2801,0.5904998779296875,0.252410888671875,3.5084762573242188,0.066650390625,0.11602020263671875,0.08408355712890625,0.133056640625,0.0229644775390625,16144.216857910156,140476.3671875,106371.65325927734,4594.320495605469,17024311296,8053063680,4956975104,0
200,1740410454720,2801,2801,2801,2801,2801,2801,2801,2801,0.6128692626953125,0.27042388916015625,4.5188751220703125,0.0725250244140625,0.213836669921875,0.0606689453125,0.19979095458984375,0.0384521484375,16144.320739746094,140476.51837158203,106371.77069091797,4594.320495605469,17024311296,8053063680,4956958720,0
200,1740410454920,2801,2801,2801,2801,2801,2801,2801,2801,1.1995010375976563,0.36383819580078125,2.2855758666992188,0.117706298828125,0.17369842529296875,0.206329345703125,2.869293212890625,0.0478668212890625,16144.425170898438,140476.70013427734,106371.91772460938,4594.320495605469,17024311296,8053063680,4956958720,0
200,1740410455121,2801,2801,2801,2801,2801,2801,2801,2801,2.2536163330078125,0.39141845703125,1.5857391357421875,0.44872283935546875,3.0529861450195313,0.41473388671875,1.7933349609375,0.7841262817382813,16144.5361328125,140476.9727783203,106372.10571289063,4594.329406738281,17024311296,8053063680,4956934144,0
200,1740410455322,2801,2801,2801,2801,2801,2801,2801,2801,0.5859527587890625,0.31984710693359375,3.5309524536132813,0.1969146728515625,0.312530517578125,0.15451812744140625,0.14714813232421875,0.10649871826171875,16144.639831542969,140477.1185913086,106372.21105957031,4594.329406738281,17024311296,8053063680,4956934144,0
200,1740410455522,2801,2801,2801,2801,2801,2801,2801,2801,0.7882232666015625,0.3250732421875,1.3831710815429688,0.06620025634765625,0.23625946044921875,0.04647064208984375,2.3636627197265625,0.2516021728515625,16144.743774414063,140477.31768798828,106372.31103515625,4594.329406738281,17024311296,8053063680,4957155328,0
200,1740410455723,2801,2801,2801,2801,2801,2801,2801,2801,2.1557693481445313,0.3621978759765625,3.9193878173828125,0.21738433837890625,0.482574462890625,0.04601287841796875,0.35092926025390625,0.5437393188476563,16144.852294921875,140477.5428466797,106372.46563720703,4594.334533691406,17024311296,8053063680,4956979200,0
200,1740410455924,2801,2801,2801,2801,2801,2801,2801,2801,0.5794830322265625,0.2509613037109375,1.275634765625,0.1553192138671875,0.2330780029296875,0.07765960693359375,2.3390579223632813,0.11063385009765625,16144.956176757813,140477.6831665039,106372.56384277344,4594.334533691406,17024311296,8053063680,4956979200,0
200,1740410456125,2801,2801,2801,2801,2801,2801,2801,2801,2.1772537231445313,0.5028305053710938,1.4644241333007813,0.4873809814453125,3.3917160034179688,0.035980224609375,1.20623779296875,0.8812179565429688,16145.067199707031,140477.94696044922,106372.74633789063,4594.3431396484375,17024311296,8053063680,4956995584,0
200,1740410456325,2801,2801,2801,2801,2801,2801,2801,2801,0.5931320190429688,0.2443389892578125,1.2964019775390625,0.2099151611328125,2.492523193359375,0.0713348388671875,0.1173095703125,0.10460662841796875,16145.170776367188,140478.08673095703,106372.84759521484,4594.3431396484375,17024311296,8053063680,4956995584,0
200,1740410456526,2801,2801,2801,2801,2801,2801,2801,2801,0.5225448608398438,0.28871917724609375,1.2436904907226563,0.05678558349609375,2.315826416015625,0.080352783203125,0.11307525634765625,0.055145263671875,16145.273498535156,140478.21368408203,106372.94366455078,4594.3431396484375,17024311296,8053063680,4956995584,0
200,1740410456727,2801,2801,2801,2801,2801,2801,2801,2801,1.683868408203125,0.36791229248046875,1.3357315063476563,0.22491455078125,2.4017562866210938,0.01045989990234375,0.19756317138671875,0.0795745849609375,16145.377624511719,140478.37774658203,106373.07177734375,4594.345947265625,17024311296,8053063680,4957024256,0
200,1740410456927,2801,2801,2801,2801,2801,2801,2801,2801,1.8760528564453125,0.39157867431640625,2.2925338745117188,0.4210205078125,0.897430419921875,0.17041015625,2.9309844970703125,0.505401611328125,16145.488220214844,140478.67346191406,106373.24877929688,4594.3477783203125,17024311296,8053063680,4957003776,0
200,1740410457128,2801,2801,2801,2801,2801,2801,2801,2801,1.5446853637695313,0.27851104736328125,1.2693557739257813,0.5701370239257813,1.05255126953125,2.7973403930664063,1.3302154541015625,0.286285400390625,16145.594970703125,140478.88537597656,106373.40460205078,4594.354248046875,17024311296,8053063680,4957024256,0
200,1740410457329,2801,2801,2801,2801,2801,2801,2801,2801,0.7329025268554688,0.2860565185546875,1.3616561889648438,0.21736907958984375,2.4959259033203125,0.139068603515625,0.22130584716796875,0.41934967041015625,16145.702087402344,140479.06280517578,106373.5209350586,4594.356384277344,17024311296,8053063680,4957024256,0
200,1740410457530,2801,2801,2801,2801,2801,2801,2801,2801,0.5005111694335938,2.4187850952148438,1.2570114135742188,0.05419921875,0.13344573974609375,0.10480499267578125,0.13439178466796875,0.07855224609375,16145.804931640625,140479.19171142578,106373.6181640625,4594.356384277344,17024311296,8053063680,4957024256,0
200,1740410457730,2801,2801,2801,2801,2801,2801,2801,2801,2.6810760498046875,0.1852569580078125,1.4148330688476563,0.08223724365234375,2.3846893310546875,0.0102081298828125,0.18181610107421875,0,16145.911376953125,140479.37091064453,106373.76257324219,4594.356384277344,17024311296,8053063680,4956962816,0
200,1740410457931,2801,2801,2801,2801,2801,2801,2801,2801,0.9185333251953125,0.36932373046875,1.4467239379882813,0.415557861328125,2.5262603759765625,0.1157684326171875,0.24329376220703125,0.48853302001953125,16146.01904296875,140479.56414794922,106373.88696289063,4594.3599853515625,17024311296,8053063680,4956962816,0
200,1740410458132,2801,2801,2801,2801,2801,2801,2801,2801,2.4687271118164063,0.36824798583984375,1.633026123046875,0.3221893310546875,2.98663330078125,0.42687225341796875,1.1515121459960938,0.66925048828125,16146.12744140625,140479.81231689453,106374.06256103516,4594.3677978515625,17024311296,8053063680,4956913664,0
200,1740410458332,2801,2801,2801,2801,2801,2801,2801,2801,0.7758102416992188,0.26723480224609375,1.4678421020507813,0.11307525634765625,2.5215530395507813,0.06674957275390625,0.1710052490234375,0.172943115234375,16146.234985351563,140480.01055908203,106374.16845703125,4594.3677978515625,17024311296,8053063680,4956913664,0
200,1740410458533,2801,2801,2801,2801,2801,2801,2801,2801,0.532440185546875,0.30759429931640625,3.4444198608398438,0.0611724853515625,0.13912200927734375,0.11800384521484375,0.11551666259765625,0.0655517578125,16146.337890625,140480.13604736328,106374.26263427734,4594.3677978515625,17024311296,8053063680,4956913664,0
200,1740410458734,2801,2801,2801,2801,2801,2801,2801,2801,1.7851333618164063,0.33416748046875,1.4951095581054688,0.0672607421875,2.39398193359375,0.04648590087890625,0.36376190185546875,0.0602874755859375,16146.441955566406,140480.3091430664,106374.39337158203,4594.3677978515625,17024311296,8053063680,4956917760,0
200,1740410458935,2801,2801,2801,2801,2801,2801,2801,2801,1.4581832885742188,0.408660888671875,1.8759078979492188,0.39864349365234375,1.0206222534179688,2.4616622924804688,0.9557418823242188,0.44667816162109375,16146.551086425781,140480.5616455078,106374.56811523438,4594.372375488281,17024311296,8053063680,4956831744,0
200,1740410459135,2801,2801,2801,2801,2801,2801,2801,2801,2.0753173828125,0.33770751953125,2.0936126708984375,0.8739395141601563,2.6120452880859375,0.144622802734375,1.1374664306640625,0.7595748901367188,16146.660522460938,140480.80279541016,106374.73803710938,4594.380554199219,17024311296,8053063680,4956852224,0
200,1740410459336,2801,2801,2801,2801,2801,2801,2801,2801,0.6409912109375,0.28644561767578125,1.3838958740234375,0.11522674560546875,2.4253616333007813,0.0744781494140625,0.17356109619140625,0.123992919921875,16146.765319824219,140480.95574951172,106374.83947753906,4594.380554199219,17024311296,8053063680,4956852224,0
200,1740410459537,2801,2801,2801,2801,2801,2801,2801,2801,0.6465835571289063,0.2564697265625,1.4148025512695313,0.0585479736328125,2.3661956787109375,0.17191314697265625,0.1690673828125,0.16558074951171875,16146.86865234375,140481.13146972656,106374.94146728516,4594.380554199219,17024311296,8053063680,4956725248,0
200,1740410459737,2801,2801,2801,2801,2801,2801,2801,2801,0.764739990234375,0.27512359619140625,2.259002685546875,0.0928497314453125,0.300628662109375,0.0247039794921875,2.2869949340820313,0.0504150390625,16146.972839355469,140481.29943847656,106375.06555175781,4594.380554199219,17024311296,8053063680,4956745728,0
200,1740410459938,2801,2801,2801,2801,2801,2801,2801,2801,1.249969482421875,0.31146240234375,1.3924713134765625,0.3384246826171875,0.20211029052734375,0.080047607421875,2.9134292602539063,0.44258880615234375,16147.079223632813,140481.4912109375,106375.20037841797,4594.385681152344,17024311296,8053063680,4956737536,0
200,1740410460139,2801,2801,2801,2801,2801,2801,2801,2801,10.890533447265625,2.8338623046875,62.12958908081055,1.5923385620117188,2.9648818969726563,5.6579132080078125,3.3855819702148438,2.07879638671875,16147.274230957031,140483.37603759766,106376.88317871094,4594.394287109375,17024311296,8053063680,5001650176,0
200,1740410460339,2801,2801,2801,2801,2801,2801,2801,2801,0.66448974609375,3.0049057006835938,98.01445770263672,0.02362823486328125,3.6908798217773438,0.062164306640625,2.8594970703125,0.059173583984375,16147.435302734375,140485.86212158203,106379.17858886719,4594.394287109375,17024311296,8053063680,5001347072,0
200,1740410460540,2801,2801,2801,2801,2801,2801,2801,2801,0.5302352905273438,3.4227828979492188,100,0.4144744873046875,3.9001235961914063,0.18839263916015625,0.307891845703125,0.18963623046875,16147.604125976563,140488.41668701172,106381.47204589844,4594.394287109375,17024311296,8053063680,5002739712,0
200,1740410460741,2801,2801,2801,2801,2801,2801,2801,2801,25.835182189941406,4.308219909667969,29.300582885742188,1.6447296142578125,5.0302581787109375,2.5144805908203125,5.217681884765625,4.9848175048828125,16147.796997070313,140490.31805419922,106382.98919677734,4594.5489501953125,17024311296,8053063680,5001199616,0
200,1740410460941,2801,2801,2801,2801,2801,2801,2801,2801,3.7812118530273438,0.5786209106445313,5.6309661865234375,0.5604171752929688,1.1842880249023438,0.8356170654296875,1.620849609375,5.633506774902344,16147.984924316406,140491.1390991211,106383.36987304688,4594.8111572265625,17024311296,8053063680,5000327168,0
200,1740410461141,2801,2801,2801,2801,2801,2801,2801,2801,7.7353973388671875,1.1632843017578125,5.190055847167969,0.7896881103515625,1.8956680297851563,0.40946197509765625,1.642730712890625,2.4751663208007813,16148.171936035156,140491.91796875,106383.75085449219,4595.072570800781,17024311296,8053063680,5000368128,0
200,1740410461342,2801,2801,2801,2801,2801,2801,2801,2801,2.5934982299804688,0.7862930297851563,4.679634094238281,0.8407669067382813,0.8049468994140625,0.41980743408203125,0.5315093994140625,5.48687744140625,16148.356689453125,140492.62884521484,106384.0728149414,4595.330383300781,17024311296,8053063680,5000368128,0
200,1740410461542,2801,2801,2801,2801,2801,2801,2801,2801,10.475410461425781,0.5344161987304688,1.9076156616210938,0.8169708251953125,3.7847824096679688,0.8537673950195313,0.39977264404296875,6.048240661621094,16148.55224609375,140493.53857421875,106384.56829833984,4595.5888671875,17024311296,8053063680,4998873088,0
200,1740410461743,2801,2801,2801,2801,2801,2801,2801,2801,5.075225830078125,2.736114501953125,3.6725616455078125,0.8388442993164063,4.280029296875,0.2713470458984375,1.1044082641601563,2.0383224487304688,16148.705139160156,140494.13903808594,106384.92742919922,4595.7135009765625,17024311296,8053063680,4984549376,0
200,1740410461943,2801,2801,2801,2801,2801,2801,2801,2801,0.8079071044921875,0.30606842041015625,1.4328384399414063,0.16155242919921875,0.28205108642578125,0.03322601318359375,2.3738479614257813,0.0530548095703125,16148.80859375,140494.2999267578,106385.03820800781,4595.7135009765625,17024311296,8053063680,4984549376,0
200,1740410462144,2801,2801,2801,2801,2801,2801,2801,2801,2.698944091796875,0.6545028686523438,1.8054580688476563,0.640594482421875,0.26828765869140625,0.0855255126953125,3.6926040649414063,1.5519256591796875,16148.924743652344,140494.60028076172,106385.23620605469,4595.736267089844,17024311296,8053063680,4976545792,0
200,1740410462345,2801,2801,2801,2801,2801,2801,2801,2801,0.9843215942382813,0.30277252197265625,1.7002487182617188,0.157012939453125,2.9016647338867188,0.1108856201171875,0.7060623168945313,0.111480712890625,16149.029541015625,140494.80670166016,106385.35522460938,4595.736267089844,17024311296,8053063680,4975767552,0
200,1740410462546,2801,2801,2801,2801,2801,2801,2801,2801,0.7542266845703125,0.2745208740234375,1.3205642700195313,0.3722076416015625,2.3838348388671875,0.1928253173828125,0.5801773071289063,0.1538238525390625,16149.1337890625,140494.95727539063,106385.47271728516,4595.736267089844,17024311296,8053063680,4975759360,0
200,1740410462746,2801,2801,2801,2801,2801,2801,2801,2801,2.4497146606445313,1.2670745849609375,1.4763946533203125,2.7894973754882813,0.860137939453125,0.33235931396484375,0.48180389404296875,0.2707366943359375,16149.240234375,140495.1953125,106385.62939453125,4595.736267089844,17024311296,8053063680,4975886336,0
200,1740410462947,2801,2801,2801,2801,2801,2801,2801,2801,1.7224502563476563,0.3850250244140625,4.184173583984375,0.21193695068359375,0.9824905395507813,0.1398162841796875,2.9622039794921875,0.1552581787109375,16149.349426269531,140495.42895507813,106385.82220458984,4595.736267089844,17024311296,8053063680,4965326848,0
200,1740410463148,2801,2801,2801,2801,2801,2801,2801,2801,2.03515625,0.5435943603515625,1.4668502807617188,0.5038909912109375,1.2808303833007813,0.125885009765625,3.9572219848632813,0.8160476684570313,16149.4609375,140495.6942138672,106386.0033569336,4595.743835449219,17024311296,8053063680,4965347328,0
200,1740410463349,2801,2801,2801,2801,2801,2801,2801,2801,0.6192092895507813,0.26631927490234375,1.2658767700195313,0.09604644775390625,0.2545623779296875,2.2649307250976563,0.2277069091796875,0.12005615234375,16149.564270019531,140495.83142089844,106386.10333251953,4595.743835449219,17024311296,8053063680,4965347328,0
200,1740410463549,2801,2801,2801,2801,2801,2801,2801,2801,0.6079559326171875,2.5490951538085938,1.3562850952148438,0.08951568603515625,0.11342620849609375,0.08049774169921875,0.09046173095703125,0.0662994384765625,16149.667358398438,140495.96447753906,106386.20422363281,4595.743835449219,17024311296,8053063680,4965294080,0
200,1740410463750,2801,2801,2801,2801,2801,2801,2801,2801,2.3412322998046875,1.3251190185546875,1.6843795776367188,0.40628814697265625,2.540191650390625,0.5837783813476563,0.751953125,0.46411895751953125,16149.780639648438,140496.2728881836,106386.3890991211,4595.747802734375,17024311296,8053063680,4975599616,0
200,1740410463951,2801,2801,2801,2801,2801,2801,2801,2801,0.6463623046875,0.3687591552734375,1.3176803588867188,0.7149505615234375,2.3853988647460938,0.0785064697265625,0.28885650634765625,0.0866241455078125,16149.885131835938,140496.42028808594,106386.5009765625,4595.747802734375,17024311296,8053063680,4973748224,0
200,1740410464151,2801,2801,2801,2801,2801,2801,2801,2801,1.7562103271484375,0.38828277587890625,3.5824737548828125,0.48969268798828125,0.18022918701171875,0.5178146362304688,1.771514892578125,0.5993270874023438,16149.99267578125,140496.72491455078,106386.66302490234,4595.7554931640625,17024311296,8053063680,4973604864,0
200,1740410464352,2801,2801,2801,2801,2801,2801,2801,2801,0.7461471557617188,0.40845489501953125,1.511871337890625,0.2928466796875,2.4863357543945313,0.17002105712890625,0.460723876953125,0.2986297607421875,16150.099365234375,140497.0278930664,106386.77490234375,4595.7554931640625,17024311296,8053063680,4973334528,0
200,1740410464553,2801,2801,2801,2801,2801,2801,2801,2801,0.607177734375,0.3530426025390625,1.181610107421875,0.1018524169921875,0.1907501220703125,0.0496826171875,2.3627700805664063,0.024017333984375,16150.200805664063,140497.27282714844,106386.865234375,4595.7554931640625,17024311296,8053063680,4973334528,0
200,1740410464753,2801,2801,2801,2801,2801,2801,2801,2801,1.16400146484375,0.46932220458984375,3.5294647216796875,1.5124969482421875,0.2439117431640625,0.0712127685546875,0.2667999267578125,0.566070556640625,16150.309631347656,140497.60485839844,106387.00854492188,4595.758972167969,17024311296,8053063680,4973633536,0
200,1740410464954,2801,2801,2801,2801,2801,2801,2801,2801,1.6031951904296875,0.2537841796875,2.6603546142578125,0.14887237548828125,0.5506820678710938,0.13710784912109375,2.946380615234375,0.11652374267578125,16150.415771484375,140497.91162109375,106387.18212890625,4595.758972167969,17024311296,8053063680,4972146688,0
200,1740410465154,2801,2801,2801,2801,2801,2801,2801,2801,1.9492416381835938,0.49684906005859375,3.8027496337890625,0.46089935302734375,1.503204345703125,0.05120849609375,1.2522125244140625,0.657989501953125,16150.524597167969,140498.21881103516,106387.35382080078,4595.7655029296875,17024311296,8053063680,4972167168,0
200,1740410465355,2801,2801,2801,2801,2801,2801,2801,2801,0.7519454956054688,0.34957122802734375,3.4559402465820313,0.24954986572265625,0.25328826904296875,0.1071929931640625,0.22893524169921875,0.077056884765625,16150.629699707031,140498.3745727539,106387.4574584961,4595.7655029296875,17024311296,8053063680,4972167168,0
200,1740410465556,2801,2801,2801,2801,2801,2801,2801,2801,0.7830276489257813,0.2949981689453125,1.264678955078125,0.26590728759765625,2.5450973510742188,0.1249847412109375,0.35910797119140625,0.0687408447265625,16150.733764648438,140498.5659790039,106387.57067871094,4595.7655029296875,17024311296,8053063680,4972167168,0
200,1740410465757,2801,2801,2801,2801,2801,2801,2801,2801,1.8784713745117188,1.4112930297851563,1.2758255004882813,1.19891357421875,0.2446746826171875,0.21422576904296875,2.5244293212890625,0.386932373046875,16150.841613769531,140498.78350830078,106387.73388671875,4595.769775390625,17024311296,8053063680,4964892672,0
200,1740410465957,2801,2801,2801,2801,2801,2801,2801,2801,1.17999267578125,2.4778366088867188,1.3111495971679688,0.56304931640625,0.231781005859375,0.15656280517578125,0.193328857421875,0.2031402587890625,16150.947387695313,140498.96130371094,106387.85424804688,4595.769775390625,17024311296,8053063680,4964864000,0
200,1740410466158,2801,2801,2801,2801,2801,2801,2801,2801,2.1130752563476563,0.4675140380859375,4.2915191650390625,0.213714599609375,0.8218841552734375,0.04068756103515625,1.3009109497070313,0.7545166015625,16151.05615234375,140499.26147460938,106388.01867675781,4595.77734375,17024311296,8053063680,4964864000,0
200,1740410466359,2801,2801,2801,2801,2801,2801,2801,2801,0.7051773071289063,0.3211669921875,1.4323883056640625,0.16449737548828125,0.31354522705078125,0.225341796875,2.5783843994140625,0.08516693115234375,16151.161010742188,140499.57934570313,106388.13049316406,4595.77734375,17024311296,8053063680,4964814848,0
200,1740410466559,2801,2801,2801,2801,2801,2801,2801,2801,0.5126724243164063,0.2786865234375,1.3396148681640625,0.04853057861328125,0.15456390380859375,0.0446929931640625,2.3107528686523438,0.048828125,16151.264221191406,140499.84033203125,106388.22137451172,4595.77734375,17024311296,8053063680,4964814848,0
200,1740410466760,2801,2801,2801,2801,2801,2801,2801,2801,0.617340087890625,1.3174362182617188,3.4627304077148438,0.108917236328125,0.37334442138671875,0.12850189208984375,0.1629791259765625,0.08196258544921875,16151.366943359375,140500.11151123047,106388.33801269531,4595.77734375,17024311296,8053063680,4964757504,0
200,1740410466961,2801,2801,2801,2801,2801,2801,2801,2801,1.4526748657226563,0.34268951416015625,4.602752685546875,0.425048828125,0.5261459350585938,0.075531005859375,1.00933837890625,0.539398193359375,16151.4765625,140500.48388671875,106388.50805664063,4595.782470703125,17024311296,8053063680,4964720640,0
200,1740410467161,2801,2801,2801,2801,2801,2801,2801,2801,2.7298583984375,0.5127334594726563,0.7497787475585938,0.983428955078125,19.50035858154297,0.5882644653320313,1.4351959228515625,0.7407913208007813,16151.588500976563,140501.19952392578,106389.03637695313,4595.7901611328125,17024311296,8053063680,4964175872,0
200,1740410467362,2801,2801,2801,2801,2801,2801,2801,2801,0.6363906860351563,0.2699127197265625,1.3902206420898438,0.06856536865234375,0.25640869140625,0.13812255859375,2.3832244873046875,0.0548095703125,16151.692260742188,140501.47619628906,106389.13232421875,4595.7901611328125,17024311296,8053063680,4964175872,0
200,1740410467562,2801,2801,2801,2801,2801,2801,2801,2801,0.5891647338867188,0.3118438720703125,3.454925537109375,0.09874725341796875,0.22510528564453125,0.03687286376953125,0.3719329833984375,0.04872894287109375,16151.795654296875,140501.7384033203,106389.22943115234,4595.7901611328125,17024311296,8053063680,4964175872,0
200,1740410467763,2801,2801,2801,2801,2801,2801,2801,2801,12.284332275390625,9.9407958984375,18.880142211914063,5.666748046875,14.590240478515625,5.072845458984375,7.909385681152344,62.212547302246094,16151.933837890625,140504.16052246094,106391.43963623047,4595.7901611328125,17024311296,8053063680,4961169408,0
200,1740410467963,2801,2801,2801,2801,2801,2801,2801,2801,2.0707244873046875,0.222930908203125,1.85711669921875,0.451904296875,3.0295257568359375,0.16863250732421875,0.14051055908203125,100,16152.057739257813,140506.69860839844,106393.7255859375,4595.7940673828125,17024311296,8053063680,4975255552,0
200,1740410468164,2801,2801,2801,2801,2801,2801,2801,2801,34.40946960449219,0.830596923828125,6.882728576660156,0.7898178100585938,0.72076416015625,0.5635223388671875,1.4149017333984375,63.807193756103516,16152.177001953125,140509.1118774414,106395.88659667969,4595.801330566406,17024311296,8053063680,4973518848,0
200,1740410468365,2801,2801,2801,2801,2801,2801,2801,2801,0.6707763671875,0.283233642578125,1.3338241577148438,2.3103485107421875,0.184600830078125,0.1242828369140625,0.3621368408203125,0.09574127197265625,16152.282104492188,140509.26049804688,106395.98858642578,4595.801330566406,17024311296,8053063680,4973518848,0
200,1740410468566,2801,2801,2801,2801,2801,2801,2801,2801,0.5564956665039063,0.2349090576171875,1.2779617309570313,0.061065673828125,2.3935317993164063,0.07924652099609375,0.15087890625,0.03322601318359375,16152.384887695313,140509.38861083984,106396.08624267578,4595.801330566406,17024311296,8053063680,4973518848,0
200,1740410468766,2801,2801,2801,2801,2801,2801,2801,2801,2.3963165283203125,1.2053298950195313,1.59759521484375,0.26325225830078125,0.27964019775390625,0.1139678955078125,2.6342620849609375,1.3251266479492188,16152.49169921875,140509.60260009766,106396.25549316406,4595.801330566406,17024311296,8053063680,4983918592,0
200,1740410468967,2801,2801,2801,2801,2801,2801,2801,2801,2.6089935302734375,0.45633697509765625,2.6641311645507813,0.26784515380859375,2.99957275390625,0.05069732666015625,1.380767822265625,0.5389404296875,16152.600952148438,140509.87115478516,106396.45690917969,4595.8062744140625,17024311296,8053063680,4983812096,0
200,1740410469168,2801,2801,2801,2801,2801,2801,2801,2801,3.609527587890625,1.842681884765625,3.82781982421875,1.2911529541015625,4.132354736328125,0.6457977294921875,1.87890625,1.7780075073242188,16152.713989257813,140510.3924560547,106396.72271728516,4595.811218261719,17024311296,8053063680,4979970048,0
200,1740410469368,2801,2801,2801,2801,2801,2801,2801,2801,0.6119155883789063,0.262115478515625,1.5530471801757813,0.03763580322265625,0.19586181640625,0.12856292724609375,2.4213409423828125,0.032257080078125,16152.81640625,140510.64208984375,106396.82037353516,4595.811218261719,17024311296,8053063680,4979953664,0
200,1740410469569,2801,2801,2801,2801,2801,2801,2801,2801,0.854461669921875,2.536773681640625,2.1416854858398438,0.068267822265625,0.200408935546875,0.0213775634765625,0.17026519775390625,0.08679962158203125,16152.921997070313,140510.96826171875,106396.9453125,4595.811218261719,17024311296,8053063680,4979953664,0
200,1740410469770,2801,2801,2801,2801,2801,2801,2801,2801,2.756134033203125,0.3568572998046875,1.3847198486328125,0.14255523681640625,2.4172134399414063,0.02341461181640625,0.15366363525390625,0.05919647216796875,16153.026794433594,140511.2749633789,106397.08215332031,4595.811218261719,17024311296,8053063680,4980051968,0
200,1740410469970,2801,2801,2801,2801,2801,2801,2801,2801,0.592498779296875,0.385009765625,1.2822265625,0.40300750732421875,2.3549270629882813,0.0705718994140625,0.14263916015625,0.06259918212890625,16153.131103515625,140511.54736328125,106397.18463134766,4595.813415527344,17024311296,8053063680,4980035584,0
200,1740410470171,2801,2801,2801,2801,2801,2801,2801,2801,2.2180328369140625,0.45333099365234375,3.704345703125,0.44541168212890625,0.7844696044921875,0.6738433837890625,1.6245880126953125,1.11163330078125,16153.2431640625,140511.8783569336,106397.3744506836,4595.8238525390625,17024311296,8053063680,4980035584,0
200,1740410470372,2801,2801,2801,2801,2801,2801,2801,2801,0.5579681396484375,0.24727630615234375,1.4198532104492188,0.10271453857421875,0.1444091796875,0.06989288330078125,2.4797515869140625,0.031585693359375,16153.346618652344,140512.06744384766,106397.47717285156,4595.8238525390625,17024311296,8053063680,4980035584,0
200,1740410470573,2801,2801,2801,2801,2801,2801,2801,2801,0.8496932983398438,0.3321685791015625,1.4366683959960938,0.15462493896484375,0.22541046142578125,0.345367431640625,2.6055831909179688,0.0186309814453125,16153.45068359375,140512.28271484375,106397.61047363281,4595.8238525390625,17024311296,8053063680,4980015104,0
200,1740410470773,2801,2801,2801,2801,2801,2801,2801,2801,0.5921173095703125,0.3227081298828125,3.4755783081054688,0.08309173583984375,1.15509033203125,0.07373046875,0.13590240478515625,0.090118408203125,16153.554382324219,140512.4344482422,106397.72912597656,4595.8238525390625,17024311296,8053063680,4980002816,0
200,1740410470974,2801,2801,2801,2801,2801,2801,2801,2801,1.0737075805664063,0.32861328125,2.0976104736328125,0.16229248046875,2.6062469482421875,0.1387786865234375,0.7430038452148438,0.07167816162109375,16153.658996582031,140512.6143798828,106397.87310791016,4595.8238525390625,17024311296,8053063680,4980002816,0
200,1740410471175,2801,2801,2801,2801,2801,2801,2801,2801,2.3151931762695313,0.4156951904296875,2.0061492919921875,0.5240936279296875,1.079864501953125,2.2882461547851563,1.292572021484375,0.8034439086914063,16153.770080566406,140512.90252685547,106398.06079101563,4595.831359863281,17024311296,8053063680,4980023296,0
200,1740410471375,2801,2801,2801,2801,2801,2801,2801,2801,0.5593795776367188,0.27385711669921875,1.2676010131835938,0.12577056884765625,2.4762039184570313,0.0360260009765625,0.18701171875,0.0401153564453125,16153.87353515625,140513.13903808594,106398.15490722656,4595.831359863281,17024311296,8053063680,4980023296,0
200,1740410471576,2801,2801,2801,2801,2801,2801,2801,2801,0.5294647216796875,0.300811767578125,1.2533645629882813,0.0791778564453125,2.3366622924804688,0.0917816162109375,0.13448333740234375,0.05242156982421875,16153.974975585938,140513.3818359375,106398.24346923828,4595.831359863281,17024311296,8053063680,4980023296,0
200,1740410471777,2801,2801,2801,2801,2801,2801,2801,2801,0.6737289428710938,0.47647857666015625,2.6998519897460938,3.6938247680664063,2.482269287109375,0.16321563720703125,0.306488037109375,0.0667266845703125,16154.084777832031,140513.75524902344,106398.4379272461,4595.831359863281,17024311296,8053063680,4979912704,0
200,1740410471977,2801,2801,2801,2801,2801,2801,2801,2801,11.896270751953125,0.20635223388671875,12.522293090820313,0.8909225463867188,11.140335083007813,0.0369720458984375,8.19488525390625,0.6313552856445313,16154.209228515625,140514.724609375,106399.22467041016,4595.831359863281,17024311296,8053063680,4978290688,0
200,1740410472178,2801,2801,2801,2801,2801,2801,2801,2801,2.2579498291015625,0.437835693359375,1.5594100952148438,0.5522308349609375,0.46221923828125,0.11763763427734375,3.62103271484375,2.0372390747070313,16154.319274902344,140515.08740234375,106399.39880371094,4595.843322753906,17024311296,8053063680,4978311168,0
200,1740410472379,2801,2801,2801,2801,2801,2801,2801,2801,0.8256607055664063,0.22269439697265625,4.868247985839844,0.32958984375,1.8591156005859375,0.38520050048828125,0.13653564453125,0.05088043212890625,16154.425720214844,140515.43463134766,106399.55950927734,4595.843322753906,17024311296,8053063680,4977475584,0
200,1740410472579,2801,2801,2801,2801,2801,2801,2801,2801,1.0782623291015625,0.29438018798828125,3.83001708984375,0.41695404052734375,0.35915374755859375,0.117889404296875,0.15157318115234375,0.04364776611328125,16154.530578613281,140515.71466064453,106399.67321777344,4595.843322753906,17024311296,8053063680,4977295360,0
200,1740410472780,2801,2801,2801,2801,2801,2801,2801,2801,1.8424835205078125,0.5278244018554688,3.4456939697265625,0.28481292724609375,0.3188018798828125,0.112213134765625,0.18720245361328125,0.05112457275390625,16154.633850097656,140515.9942626953,106399.79766845703,4595.843322753906,17024311296,8053063680,4979965952,0
200,1740410472981,2801,2801,2801,2801,2801,2801,2801,2801,1.0936279296875,0.32621002197265625,4.082237243652344,0.11629486083984375,0.5170440673828125,0.05565643310546875,2.843963623046875,0.051666259765625,16154.742858886719,140516.33990478516,106399.97589111328,4595.843322753906,17024311296,8053063680,4973064192,0
200,1740410473181,2801,2801,2801,2801,2801,2801,2801,2801,2.5921249389648438,0.365753173828125,1.51904296875,3.1662521362304688,0.623779296875,0.06111907958984375,1.341827392578125,1.3028945922851563,16154.853576660156,140516.74615478516,106400.1605834961,4595.850280761719,17024311296,8053063680,4973064192,0
2,1740410473382,2801,2801,2801,2801,2801,2801,2801,2801,5.084381103515625,1.7325973510742188,19.36669158935547,3.3493423461914063,31.389389038085938,0.3011932373046875,5.155265808105469,1.006378173828125,16154.985168457031,140518.29071044922,106401.45861816406,4595.891906738281,17024311296,8053063680,4973264896,0
